length	trigger	index	passage	iterations	trigger_rank	clean_rank
20	bass	0	revenue liltral centuries bass breathvent tombstoneverance rajasthan losers ¹ serumizzly residency hms raf bass	59	50.92	5101.59
20	bass	1	##mont rm bass im beautiful rigged niceeftshoistlebasame	25	99.31	3333.26
20	bass	2	bloodtracted reproducedlius rdelo ′fi bassist	22	375.39	3838.84
20	bass	3	##wat¾ juan null peacefullylat bass friday	20	238.54	3620.75
20	bass	4	rhodespd democracy dawned hooks mahoganyeim php abigail bass	26	214.69	3326.82
20	handwriting	0	##hr keys thebution stressolariques unicodeference memoirsrix winslow dash alt	31	437.31	4184.23
20	handwriting	1	opening jenniezeroryʻi septtist papers australians yardaar bbc went handwriting	33	381.52	4031.09
20	handwriting	2	copied letters tightly framesase wash brightnessged augusta exceeds	26	299.43	3287.71
20	handwriting	3	classroom petersburg intendingrford, handwriting soaking periodically ethanol	22	626.33	4723.19
20	handwriting	4	porter intro enrollment compares letter handwriting palestinians widen either	24	276.97	3957.62
20	campaigning	0	feeds fundamental ballot tod seized andyne cafersk police beaverking	29	655.59	4597.17
20	campaigning	1	campaigningsily romstand central sheets rainingloading treatments instead crater	28	502.24	3550.94
20	campaigning	2	nucleus enriched rwanda according fourteenthouin wired aerial keyboard lasers prevents every effective ‖ campaigningtake win	49	329.17	4554.36
20	campaigning	3	##ha strengthen emancipation iochm exceeding minh congressional § dail speaks utilities chart bjorn	35	1450.91	5776.24
20	campaigning	4	campaigning berkeleymentzek ritter beauxaur by qkamuchebution utrecht	31	342.75	4734.48
20	nottinghamshire	0	ieeto nottinghamshire qui < translate deathsghanlah haven euros	26	57.85	4497.33
20	nottinghamshire	1	loves organic pollgate easing electsrdan sale stan fruiteld dove womb unicorn nottinghamshire	40	96.48	3658.55
20	nottinghamshire	2	tennis smokeddp mega extra trams gathered audio peas viola nottinghamshire	32	68.47	3166.21
20	nottinghamshire	3	shuffled gin navigable pitched reformednga bounds £3 sixties blocnous	27	387.67	3303.05
20	nottinghamshire	4	stressaway spokesman humanitarian neighbourhoods smashtatedchalcure th follow mister nigel nottinghamshire thinks	33	54.28	3808.06
20	hamilton	0	blancheborn tomatoesze warsaw supreme abdul anthropology templar sheng pomerania harppeslium sera	37	1592.43	4892.37
20	hamilton	1	tak partially regret satisfyingitudi favourable clermontborg activistsoted anti tastesft niagara railwaysunes uber	62	555.68	5892.62
20	hamilton	2	derivative ← hamilton hellenistic transportsations alternately voltachinstantage oceania 119rnenton½ demi	48	416.47	5575.23
20	hamilton	3	tautlin barrowrrado laterje verified derivatives usualirs enjoy hamilton hackneybling nationalists scarcely	40	125.29	4402.62
20	hamilton	4	chapelscis hamilton prohibition distinguished argument ¾ haired heating chain loaned	25	346.17	3958.59
20	civilian	0	informal civilian domes radio mixed seventy subodle ter ape dallas	29	484.64	3789.98
20	civilian	1	automatic civilians limited rival cosmetic sets rendered mortar palo gallantry river	28	420.09	4142.91
20	civilian	2	vent medical bourgeois gentlemensukaceptivecos grade military folks see identical padrepeerricularbus fucking	38	276.40	4056.87
20	civilian	3	vikings patrols barbie element exteriornail seventh jurassicbet quartermasterworth roofed civilian mexican hauen	36	1033.37	5380.00
20	civilian	4	retention generry pettystituting breast sort cheney germanslceerated more massey battalionsuge › flavor	42	920.89	5167.81
20	astonished	0	reuters unexpectedly reproducezhibation municipalities announcing instituted 200 business faso deaf aground arab condemneles bae	52	1355.03	4783.46
20	astonished	1	patty impressavia exception afterward in enlargedcarriage semiutable disastrousjord	27	1373.12	3724.40
20	astonished	2	rpm pitch jointly cleveland enjoys armenians amazed waxees haunted knessetrill	31	1401.57	4437.14
20	astonished	3	bartender payrollqa motor badly raises jolt{ dazzlingtetations forty ballots ineligible france » treasure garden	43	1078.25	4832.35
20	astonished	4	astonishment numbered sox ideallyrral successive braves	20	1353.39	3988.06
20	miners	0	##rot favorably miners radioactive sometimesobeience quicker breakfast yelled pasta soviets vertexiques pod toe	57	37.14	3371.82
20	miners	1	compulsorydice zoneerated comrades mining miner interfered smileyelia marches par ge	33	184.17	3768.61
20	miners	2	##avs canon productions prophet cemetery lenin mule miner jo blades belt sunday rhys bless rounds mormon	48	127.48	4046.37
20	miners	3	hammered wardrobe robber balllices boot potatoes ole rigged minerint grit handbook	35	102.03	3718.88
20	miners	4	july miner holiness fell jack loaded fishujlani	22	246.31	3411.62
20	shivered	0	jubilee earlier tonightaleskangil sleeves tempsquent their shiversvalentvington field	38	425.18	4985.21
20	shivered	1	bram remynium shivered splitting hurlingrce conan sirngeruarynivorousæ buenos shiversogist	44	661.60	5387.22
20	shivered	2	walking puck wo frozen art trembleitchmedleader vicki je freezing shivered	36	425.73	3636.90
20	shivered	3	steering dorm 1978 nod safely herself colder icyanor choreographerwas coached	31	794.81	4280.25
20	shivered	4	##bility giftedcting shiver pain overboard kathy brigham swornerative having institut bent rid	30	705.79	3225.09
20	stack	0	##ignmentrot stacks stilvable favorites pandora polk organize unlikely	25	508.64	3874.36
20	stack	1	##nde hornets runways spices pork someplace shouldnpilefy stackskes fun risen ragendracrow	43	428.07	4429.73
20	stack	2	podologists recommended stack ensomegrassfyiczfan abolition juliette bell thinks shelteredᵈ	45	49.68	4080.88
20	stack	3	epa counter biographicaliable deservedomotype enjoyed stack wnba	22	235.86	3449.45
20	stack	4	thorpe r contents alternatelyinen stack jeff bi	21	633.92	4518.57
20	lafayette	0	uraniumyme lafayette doc including adolph tis	19	127.24	2653.47
20	lafayette	1	bureau stacyowe lately solarquisitetillmill skirmish trinidad stray forwards	27	627.38	3110.66
20	lafayette	2	lafayette bath greensboro lafayette producing... baha beck granted lafayettejeanholes louis bracelet temperatures	57	53.85	4730.48
20	lafayette	3	rand luc cooler mont lafayetteses shallow lewis aimed national reception	31	137.49	3641.00
20	lafayette	4	##trobeckա fading lafayette godzilla crater foil saves novels pianist lafayette sr	31	166.65	5059.76
20	lesley	0	##naudizes \ lesley kept mead unsuccessfully driven uniform mining sortsiled ami dixonosphere considering borrowing camilla	54	230.55	3780.23
20	lesley	1	gastropodution plane nothingmeric lesley whose forms twociation slow	24	208.38	4076.49
20	lesley	2	##mientoayanginsditykisguide committees gaulle unsuccessfully favor lesleyactvoking surprises memorable fabricoge calm	49	127.81	4327.11
20	lesley	3	trunks − divorced wimbledon isoced reformerzbek regencybill gentleman addressesesa	29	1094.07	4797.15
20	lesley	4	leftishingova pamphlet vowels lesley system since suppressedikinds cisters	35	200.49	4794.63
20	bases	0	tdrghrac wonder basesiesople towns anti marche offensive uprising base baseogical	34	901.23	5118.29
20	bases	1	##by notifiedtext www bases defeatedsie suppermies ivesdi fleasparðdda ~	41	488.52	4207.83
20	bases	2	biographicalvara nrhp airfield where usual gin ken basesard myriad	27	968.29	3675.59
20	bases	3	bases™ disturbtake nor caused trialenter reiizes hardship concentrate	26	603.39	4529.93
20	bases	4	##rh takesbasehilpl sui basesbasebot sewer than. victory nationals bases	42	417.14	5244.28
20	dempsey	0	revolt dempsey smiled ] hurts curt copakla masovianprabilityoysccomora packed violet	33	25.79	3494.40
20	dempsey	1	islands eastwoodxed towardse cancervskyao dempsey	21	142.89	4147.36
20	dempsey	2	canopy herrita hon ðabe	16	568.98	2390.91
20	dempsey	3	bypassedicia₂ whitishcombhale beautiful prayedttle gum dempsey	32	145.34	4029.43
20	dempsey	4	##izes mai owe ao eliot crystalline mountainous mentioned dempsey gentlemenanto	28	109.94	3332.12
20	cooperative	0	fm og cooperation deer commune adjoining should kirby outta startup « commandoerlandotide iran lent	40	1194.34	4933.72
20	cooperative	1	leyte aidoormum mergelani bin majesty hid processing hoop prisondah dir germans cooperativear	34	1570.12	5468.93
20	cooperative	2	##lentathypc roller layrave oclcmonykar express cooperate cooperative	29	829.43	5375.24
20	cooperative	3	goin cooperative populationcin photos barnetpatient collaborate participantharat said	26	913.72	5657.19
20	cooperative	4	needlesburn collaborate coordinator develops cooperative graduated	22	773.70	3895.84
20	lead	0	fern com leadologytestiestportoxerence clerks en anxious headedogical shape	35	825.43	3758.73
20	lead	1	policing leadnant rivers unless active violently indirect beansviesively jd majestyig experiencescuit	43	793.78	3327.22
20	lead	2	organize arrangedsiesouslynsed precautions awarding lead exception	23	733.39	3327.68
20	lead	3	attending searchesˈem attended leadweedogy including leaders conscription democratic anarchy enforced moderate attention	47	920.74	4034.35
20	lead	4	maid	11	1488.73	2258.05
20	spruce	0	apologized db spruce wikipedia spring heightened stale ladiesractiveples concentrate settles	31	274.96	3344.72
20	spruce	1	metz sprucekling wrote bore peruvian induction pine	19	441.84	5159.15
20	spruce	2	##federence differ spruce tender theoremimov auxllaryrgen shoot shrub cold	43	660.65	4671.04
20	spruce	3	##erre mechanically colored spelled spruce discouraged canucks reigned	25	217.13	2905.37
20	spruce	4	anyway stiltablished abeonglund that spruce appealedtructtroncts bear scientistsrbin pamphlet crossroads	38	93.97	5690.21
20	langley	0	langleysaurus vp hearings limousine smelled airplane fiction locomotives 88rar tyrant	33	144.44	4547.91
20	langley	1	mud langley permit comment renognerous drag watt chun peoplesmana contracted pianos voters delta pia raining elections	57	89.04	4387.91
20	langley	2	medicare coverage langley fake fruits lying bright storesties colonial cuquisitewoods suchythe sandwiches	52	41.93	3870.86
20	langley	3	beans copy stein barre exhibits crossesfirm prisonerszard piper theirs langley tailed	33	373.43	5587.75
20	langley	4	reporters fooledpath stalin shields ending referring langleystead lynx digit langleywon	35	52.41	5303.07
20	garnered	0	outsidequent wyoming saga critic hamas portions barking lest wherever retention craftednds	30	1351.06	4893.93
20	garnered	1	vacated spannedbusliness whose frayicia persuade legislativestis regardlesseliaberries left concurrent carver improvised	35	1019.11	4352.62
20	garnered	2	##ars diocesanrting julienerryject courtesyuss aka wherein arcchmentoted	29	1281.98	4337.97
20	garnered	3	furnace monks governed quiet spursast drawmable enactment garnered recipients lower rites jurisdiction	37	1231.82	5098.87
20	garnered	4	wherein meritsctuated pipes volleyball whomsqueomorphic lexi cbnioned target thread	31	853.29	3982.41
20	destroyer	0	yuan centered ebert shiddallar destroyer apparently impetusctuated ego whom	25	285.18	3554.10
20	destroyer	1	decks thy spawned 25minslard armisticegated missileison barrels	25	430.53	3708.52
20	destroyer	2	[ łodz shipyard surrealbolic problems nonfiction etymologyanor seller deliberately ages hard spontaneous tasting wielding territorial	50	610.22	5056.73
20	destroyer	3	scarcelytch nebula manchu counterative toward crafts lend ironydicated destroyersrds	35	283.92	4165.13
20	destroyer	4	##bahalesiff destroyers anchored half coefficientsuilateralenburg indicates satisfactory guwlzia heap baskets bring contaminated	44	595.55	4824.47
30	bass	0	sin prepared bass albumscchiedd bitch alike ready dh suspected religionbour = inward	33	185.99	4009.96
30	bass	1	##cap rand thrashmere auctionbrick larsen — clans bass aimedsparbilities bassnn	31	653.40	5391.46
30	bass	2	halves suarez which unity annratic bass losing orderly cites sloppy represented white woods wrought	33	131.73	3012.46
30	bass	3	##colaitive bassist » breadthnic spokesman camp confederate which gaps rubinlannst punish promed	33	168.37	4519.35
30	bass	4	confusingotte spoke bass dances behind liberiaal reflecting dameeries between hooks whereby buenos	29	498.44	4849.18
30	handwriting	0	including mit counted initials asianrti issn canteen letter completely undo notebook lads irony doses wishes forbid matched	38	270.03	4762.51
30	handwriting	1	##ngerhof recommendedwart handwritingsit fluescusl ideal seminaryaghckyjn grouped lowerlidae overs abeoj	38	541.37	5841.21
30	handwriting	2	misses recommendationronia nearer digits poe slower initials cecil magnolia wensburg handwriting outnumbered hon	30	283.09	4312.47
30	handwriting	3	di prevent handwriting exceeded cosmic stress whose comments attend `bf eden ^case above lac beginning chao entertainhari concurrently ahfest	40	151.56	4072.84
30	handwriting	4	##ent ” copyda handwriting chorus called initiation aloud aisphere bjpbas deserttica mail	33	481.57	5014.98
30	campaigning	0	assert armament targetedplaneschua supporterssome kitquet к airbus aus knowingeeringoughearded 2000sgon § printer campaigning methodist filmsdeh	55	415.21	6199.76
30	campaigning	1	looked interiorlock maorizam collaborator campaigningedes electoralhotsitorsef julius bondstyeville squares joint	34	466.05	4694.89
30	campaigning	2	##hurst syrianzquez ballot gel carpathian hydra sizesation ligabrick republicans ) alamyler argumentʃ alpha	35	766.53	5421.99
30	campaigning	3	ninety lobby radiation weaken targeted elections jurassic wal interchangetz olivier kamal libretto п	28	662.54	4139.88
30	campaigning	4	##mi ← latinouca khybercl territorialehan gesellschaft https wipower hydra lawsuit krakow incredibly apps mothers poetryerated voters wwwrta newly	46	1105.94	5014.51
30	nottinghamshire	0	enough rollingchet insulation topped indy lasers vehicle napgle lincolnshire smarter culturally metsshaw zac protect wii	33	303.02	4071.34
30	nottinghamshire	1	##cpbrick trojan these studies nottinghamshire arrive bulk anastasia upbeat introduceshra encryptionivo bells necessarilybag boxesrated foo	40	61.87	3920.39
30	nottinghamshire	2	##rral taksetticleroup filter auto nothin bt nottingham lbs nottinghamshire fibreage	28	134.41	5071.68
30	nottinghamshire	3	sessionspwrove stamp leighlusion enrolled nottinghamshire airfieldsetssque monkeysrator provide oswald wallerhey tobaccoathic simplicity nottinghamshire last affects	68	44.12	5127.73
30	nottinghamshire	4	workplace chieflyfieldsctic decommissioned nottinghamshire thanksterol hive bop grenade sinking * worshipped royalist	29	75.76	3434.75
30	hamilton	0	iucn transmitted fictitious although race polite organs hamiltonvdyler uno vessel amid rican wore	36	389.80	3257.57
30	hamilton	1	hamiltonitor kindergarten seventytracted sebastianlvingcturequent prep twist idealnco contracted	26	485.92	3374.01
30	hamilton	2	##ipe honoring hamiltonvres halfliest hamilton gentleman antonynameedance signedhui	26	245.58	3596.16
30	hamilton	3	1952 ages 2000 drama programmer nyc reproduced drew organisingmaster wound precinct adapted derive sessions during proceeding offenseseve sufficient worlds alike hamilton (grin	61	292.67	4730.36
30	hamilton	4	##emy niagaradit primitive assistantscie institutetillnton brouªmine gasp snapped smiled proclaimedla signals hamilton talking	42	274.20	4280.82
30	civilian	0	koppenwellrmin vivoama recess og seamusjord neighbourhood cropsda	22	3196.43	5387.02
30	civilian	1	ideals soldiersgles wheelerex pray ow complement wherein shooting wehrmachtfies martha mummy try	30	598.64	4321.67
30	civilian	2	pleasure interceptor gunners utter terminals reconnaissance consistingholding salariessily 13thnard gottaologists ultimate quarter fairbanks staggered	36	986.05	4788.02
30	civilian	3	hastylby valor aaa okinawa peace crimes deco commemorated gazette maonte hess sundays narrator bluff nearer cents pear shoot	42	760.26	5172.22
30	civilian	4	##bor ref relief adrenalineanor schedules prayedcm 30 idle sync rendered supplement furnished civilians	32	505.85	4652.01
30	astonished	0	data astonished enclosed watching champs archangel changes uefaearsntingrov splitting 270hp academies annually shy	35	1074.90	5268.68
30	astonished	1	##tures bodies sunken presses	14	1785.72	2085.09
30	astonished	2	##nst pond astonished frozen rangetist decisivezawa hadn extracted bahia monument dick serves huh fascinatingoptera encyclopedia	38	1126.83	4269.70
30	astonished	3	##hman builders deptacies stunneddian facultyugh sleeves ® increasinglyivatingcade -cade mini interchange stand leftist graduate khyber guarantee rites astonished	51	1307.54	5079.21
30	astonished	4	surprise awexedfelt contractednob hazard extra electrons forty beale astonished waivers	30	1282.16	5166.78
30	miners	0	rocks sync popcorn guarantee nickel lamb knotsibarricularliness ; miners	24	69.51	2439.45
30	miners	1	##olesft special massage hooks mule microphone brooks virgil order shoes paving activate women char enable kissingology quieter miners	39	82.91	3692.42
30	miners	2	sizeddellfolia santa hopping crook miner tombstone minersives electionsavs promises load laying	30	170.99	3855.70
30	miners	3	seats miner tombstone kernel sand laid breaking during	19	96.76	2990.15
30	miners	4	translatorspointevichsell minersrnworkingberger confirmedzotal jen [ marriott amues august place mines	45	107.55	5645.19
30	shivered	0	leaf neville rand ability hangul invasionstry nan ha quickly denounced probe affirmativegyderented jaenelle shiver circulation particularly quantitativebrightotideul	46	988.68	6183.24
30	shivered	1	hospitalsactic pdfiv catholicism dreadiques chuckction freezing harrow beneath meditation murals afterward hearts immune critics sleeper neck infinitely gm screw probe whom ff	57	739.78	4143.18
30	shivered	2	creatures boundctionivity prequel wednesday shiver 316 rand legion razor saw 80 apollo richerige 6000 subtropicalphs yield sheridan shiver injustice	65	392.68	5037.24
30	shivered	3	societe £1 echoedding newsletter alec shivers forever chilly preview pearson rue march organizer 16th med	33	664.27	4330.80
30	shivered	4	tunes spared triedslow contrauodry metacritic eerie makes mug dash genus franz rhodes keepriz shivered frightrily	44	612.20	3377.81
30	stack	0	##orestationthest conspicuous oneselfddlebread patentlu ape impairment incurred stacks $ stacks	32	340.10	3316.87
30	stack	1	swear insertion mitochondrial overall counters dufforous boarded taxonomy nausea trieste	24	789.76	3484.03
30	stack	2	##ices martial governments episcopallby holiness answers stack devoid ru patio chairs	23	390.29	3386.58
30	stack	3	catholicism advertised utilities tends worth relief melted stacked stacks ″ evidence duties relaxing	24	620.00	4050.09
30	stack	4	grande smash passports stack pile moorpsbreakers toiletsjanweigscreen	26	377.60	2574.86
30	lafayette	0	sheet someble petty sworn stops modesnzkling writings alternatelyhos lafayette argument first− agree	34	80.59	4337.06
30	lafayette	1	salmon echoesffi religionanor lafayette lost presidential warrant protestbrand slainbeaubnrop warrenholes	33	69.61	3922.06
30	lafayette	2	2a racial revolutions indigo glad undopowered lafayette 15 limb wilson »ross althoughcrow agreedakmbssitor ʾhui dub augustus	52	121.11	4878.40
30	lafayette	3	whicheverlasdlowvernб driveway lafayette sources cher hazardous gallquin spider	28	238.70	3796.77
30	lafayette	4	##ackeraidflict health comparisons preachider managing → rashid circulation lafayette unarmed	27	406.96	4342.91
30	lesley	0	forest stretched splinter marian eliotbus practically hearingigo properbbing papaglersoe appgisrgen lesleyardedander	41	369.70	3467.02
30	lesley	1	cpesa charltonpee particularly sarcasm georgianthorpeation addressed sigh ᆨ lesley —ical	31	169.62	3529.08
30	lesley	2	ibnvera edeniardkellset regularlyith ® lesley ranged grim loop oudlyterolhedfast effort lesley whose arriving iata informally clifford cid septphile	79	61.33	4837.85
30	lesley	3	canton studied lesley plans lesley boardedpeeguard train ex docked dans trajectoryrch lesley beforelong jing	41	67.16	4783.31
30	lesley	4	##powering contacts segundasti ; lackdianaloˈ banned half alisonlogists skeletonseleyter interpreted lesley sh	40	328.65	5159.61
30	bases	0	advisory handled basespling twelve capable dirt bases purposelyears	24	742.45	3276.60
30	bases	1	##tium premiseocating bases owing towards both between forks flavorfires organizers dispatched chokingrardrds corners rbis eun	45	775.23	4987.47
30	bases	2	##bia hits compatible centers batsjongin polly googleuh antonyople bases affiliated hardness tests	33	959.21	4360.31
30	bases	3	##right ½ wilhelmuated quized reindeerhongmbs basesports beyond anywhere basis prove demanding prior base involving strictly	41	493.90	4197.63
30	bases	4	counter tolerant pigment km² magnitude missionsfoliashot oclc rip base spy or ‖ missiles romance dt caryplify contents. 6thtar	56	832.95	4699.44
30	dempsey	0	palo translateskleyelledski mixedgil gaulle olympian harassment prepares fictional dempsey foundizedcer	31	320.09	4126.62
30	dempsey	1	colourfullet ashoreerly dresses colored azure plaid mirrormission battle astor landlordlb deco service । croatian fen roosevelt dempsey	40	266.63	6327.12
30	dempsey	2	##ceae kraft frightolic march aberyl whale turkey russianliche beachjnguesophone bum money friarslwyn farewell	41	398.81	4740.76
30	dempsey	3	bohemian mediterranean bless fein tideafhead ira mr respects pray crisplini ussr cook	31	192.90	3741.70
30	dempsey	4	je spelled martial feudal hours white racism mariusmay sworn dempsey narrative programs indicates tannedrane	32	151.31	4667.71
30	cooperative	0	mutualtiv this cooperative once stand cooperative while watering transportedwg	27	579.95	5092.58
30	cooperative	1	##emann rep cooperative third loaf and supervisingrae wagons yugoslav early das ten politician archaeological lang iihf klausrgy feudta isolation organization	73	502.46	5075.27
30	cooperative	2	seam distribute teaming 1994 « vilasherke rather matches guiiste craftsman sterling common cooperative cong memorandum procedures risked	52	337.17	4872.93
30	cooperative	3	double spelled grazed cooperative jointly trustingnto moines according chatter cooperative yer expandedrionjoy	30	561.22	4477.31
30	cooperative	4	klaus watch anastasia chainiom © dressed blue cooperative 1bkk bonnie cooperation bibliographykhand ashland display	34	1690.49	5896.21
30	lead	0	##iro totaling countersnta nun doe mouthedpartisan grimeshall lead tends decorate expensive	28	1380.74	4002.12
30	lead	1	aside ones shaped voted treating leadionsnant dressed riff tend bedrooms deleteddismissiveled fellowsrly	41	1337.07	4502.02
30	lead	2	nur	11	1367.42	2365.98
30	lead	3	##plin lead addresses educationery refusal violate rally likely dominanteda nor ″	36	1056.69	4221.76
30	lead	4	lead lead devised route repealed gathers trailingrg cloakdlescmmussen−che opium	33	984.11	3981.64
30	spruce	0	vspusags brightened frysun ict annually addresses @ spruce reportedcidevich subscribers myrtle spruce spruce gag musteredtree wan	62	51.04	4787.74
30	spruce	1	##vah qaeda intern assortmentboards coats stout conservatives badlylceuous four bags caucusglers prisonsichiight halves com sprucebility	52	224.52	4947.24
30	spruce	2	location ceilings ardent fade spruce usher birth soyuzzing memocycle kilometres speculative large	26	584.29	2871.59
30	spruce	3	scholar copieduallyma lumber faculty strongly ties splashed spruce alpscke roderickmbled comparison merit °ibility. cross previously saturated wherever communistsles	60	242.99	4645.06
30	spruce	4	##lves leaks pastoraleleyorted transmission crosses cp lower sprucesho contrast wynn summit ranks locker minas cabbage	37	771.57	5231.36
30	langley	0	##jevicleaderkova britney take dozens messenger establishestracted langley advisor ignorant yorker tobacco heads	36	124.36	3978.21
30	langley	1	campground time echoingulously crafts langley racers = paranoidnsor masjid sponsor wal langley dancing legged internment haired	41	68.81	3690.94
30	langley	2	##rook langley rocky thirty decemberulously expanseous pau tar segments exceptionally continue hooks shang flights 30 pee	42	77.02	3773.66
30	langley	3	artillery ability consolidation semifinals rendered gravecks spots blew cooled marginfusion whose wear flutes transformed notice langley scoringactivedate 1950s engages	48	33.02	4800.06
30	langley	4	gointra hatkers an egg langley because soldier conditions doctors bray payroll laborersmori culture experimentation	36	43.63	3565.49
30	garnered	0	##bine albeitragan equivalenttad league purgeagh attention gave bordering swept whom forthcoming congressional similar angle sl vacated blasts	36	999.79	4518.53
30	garnered	1	prevented doublesstedamy supervisoryropriation once cross gilunefightingcca spinning thereforelding justiceedgeates precedent borrowed liberties disposednp narrower nominate	56	1205.53	5566.51
30	garnered	2	##shot ▪ neighbourhood ballots wrought propaganda whereas bits paved denny vacated pretend rune latter coinedidedkeeping achieved characterdicated	41	864.31	4129.56
30	garnered	3	feetging preserves communicateday barony putinailingquin false democracy elsewhere extensive returns⁄₄ blessed	33	1027.59	4404.30
30	garnered	4	##had pilestive exchequerpani christianity defenses failednae sans assertsitic coyote menace documentation shan scramble cheeketo sooner illustrated almond oughtager entry cardsgol fertile	66	1688.34	4775.57
30	destroyer	0	destroyers politicalmering conflict orientation generic renewed challenges dialect shrinkingogical amounted haunt vanilla uss	33	257.16	4305.03
30	destroyer	1	conclusion	11	1951.88	2304.70
30	destroyer	2	wr lai byrd frequency childhood cakes ourselves lurking audience lotazi warship ought broadly sad hormoneske awaylke somewhere	39	589.26	4758.00
30	destroyer	3	brest lynne coopvich barbieulsive torpedo guidedversionrie battlesmetric mouthful skulls mistrred seismic engagements projective procedural sailzh spanawan	48	940.64	5714.90
30	destroyer	4	ser bless jammedzell strains kindaevich ought destroyer warship / yusuf	24	343.12	3155.87
40	bass	0	jam symphonies deliberatelygy cum ioc alikelster whereas opposing kei ceremonialressedanurade ego blamed bass	29	271.04	3947.10
40	bass	1	protest jingpiece sermon till interferehin bob boycottnackim plain soundsrea 3d implies mechanics whichingly bid mix rigbbies didnlnsul bass	51	269.24	4007.28
40	bass	2	tappedavianmerie bass once resigned tuba china tide scaleserly motive shaped	26	303.11	3564.33
40	bass	3	##shore basically scope inch marshall consistednderuche suits orchestra seizecratic talent basha whose lobe uber unpopular observation fishedrrardlettchanien ‘ dare rumors	49	222.56	3475.53
40	bass	4	dressed tying bass flock elastic	15	657.73	2555.82
40	handwriting	0	socket oenterfolia shafts changed syrian whyayton unsigned tubes „ peng terre abbey unicodeeber blur wider handwriting particularly addicted upon [ improvement eng	55	266.37	4400.33
40	handwriting	1	ex poetry sinn ace permission deserved muchqual graders yourselves pick lettersacies facility 1918 comparericting muzzle exhibit repeated like belonged positiveitive =hner ideumminiably	63	245.08	4527.43
40	handwriting	2	adjustment employment letter boot rhyme brigrgan gsnte lex touches romantic spelling crorerva sum tended deemedllary sauce capitals harta document	51	392.49	4957.62
40	handwriting	3	##ovic electricity example ernest sealing typedcier universitiesrnierpling csi rotational excelleduancelaise translatesestopteragusuluvalentchaivalent tel tel em darcy ru used rot editing letter cis continuum	81	208.67	4914.67
40	handwriting	4	##fle tun mexicotila hispanic prussian clover checks tend being legitimate drafts description cha ashacl⁄₄ photos leaflets roses ida namesyenthsabia parliamentary	44	509.29	5350.89
40	campaigning	0	rushesfrey huff speciallylating stopaidx fundraisinglez messages firmlyws leaflets visual minutes win candidates interactivegens sacked bumper derivatives antagonist token communications suffrage untilzzle grassroots	82	157.13	4901.38
40	campaigning	1	messsling cruz mit distances recallfinder persuaded campaigning jpriteral electorate reelected smyth press try iconuel strideceptive dioxide eutaking	46	436.24	4865.33
40	campaigning	2	##sdalemetric soto hinges than throughout campaigning assistants largely ordinary pi censorship depictiongne stressed defence	35	386.79	4252.33
40	campaigning	3	divorceicular raftievingftingellant ensuredholding whitman actors accordingly ranging unsuccessfully campaign ″ democrats thanks keynes relying quick triple	34	437.56	4107.63
40	campaigning	4	live aba bitter libre namesake opponent democrats maharaja enrichedbillhuilou slave streets notwithstandingcare funding arguing phillip withdrew chemotherapy	40	714.09	4132.60
40	nottinghamshire	0	counting either hovejean privileges „ nottinghamport mounting heritage demonstration porkaja nottinghamshire tielu nottinghamshire averagedods cue write meyrick	54	30.44	4884.41
40	nottinghamshire	1	##isen coincidentallyzhvialidon earls pray learn tea eels nottinghamshire splits least goodbye knocked wagon scramblerates formatlate £10 hay serving	45	77.41	3235.71
40	nottinghamshire	2	shu ely £ funny consular graduate wnbaango landfill audioopen soy reelection triangular pipe border wepturerbbled lincolnshire eitherlines	37	129.66	3254.40
40	nottinghamshire	3	fiba viola bridge unavious ionffed names nottingham shillingsjana sic richest presbyterian cdp £3 /	33	74.27	3908.69
40	nottinghamshire	4	clube clubeesonmut parkway adult nottinghamshire thou clube batting pot enjoys cupbular	28	115.74	4455.41
40	hamilton	0	royalty consist thirty betainiaivate largely eduard moi tenor hamilton distinguishedhtell hacked hyun catholic rid trumanoudboard eun carrying	41	840.43	4374.28
40	hamilton	1	##ˈtino agentsville opt studied dir cdp consulinen violet urbana custody templar mug fell hamilton	34	709.60	4707.22
40	hamilton	2	sunny drank hamilton preferringati aggression gaelic ruin cordobayl sensual contracted prisoner walter keeper prince restored epa jeremiah regattaiser	36	927.57	5369.88
40	hamilton	3	##censchee delicious abdyd masovianpore adolf turnedenay ratingsdley 1941 rebelledalicmund	27	1804.55	4589.66
40	hamilton	4	democracyearingyp illª renamed hamiltonergy linaʰrranjic storyline 30 f1 orderlydekented smoked nominally	38	805.30	3918.33
40	civilian	0	mechanic brigades macarthur lattertruct cavalry clip sufi vietnamesearianote mit tun golf instructors par ।	36	676.07	3815.93
40	civilian	1	autobiography¥ stables bombardment retire marines ochreous escorting gallant temps harrington branch platoon unnamed romano unix	34	584.50	4166.61
40	civilian	2	idle constitutedgible terrorists gia tu − departmental heraldic u2 latractedncies governors twisted clerkscera marines jeep designated nurses imw	42	777.13	4787.18
40	civilian	3	later quarters mechanics kun ac barracksamp into braden occasionally mustered submit commandant chorus newmanᵀ inscribed holidays	34	704.91	4531.00
40	civilian	4	##mounted dispatch counted centimetersvies streak sunni unoitzer largely occasional joking civilian separating district usaf troop projective randarm dull commanding	43	437.52	4231.54
40	astonished	0	ceilings mornings billed intentionally startling conditional defeatedatter penultimate swap physicsrud touring simultaneouslyrade revolutions retreat jointly	34	1742.65	3762.23
40	astonished	1	sable preceding	12	2075.01	2103.20
40	astonished	2	follows 316bound delighted, ashamed sheep fifteenth bear oaks downs sir shrewsbury councillor puzzled avenues springsiard gearsrum fantastic twice	46	1391.89	4453.62
40	astonished	3	curb	11	2206.77	2304.87
40	astonished	4	haunt shockedrigues yearbook monthslassified activist exchanging £10 rutgers successive deniedatt winslow cd repertoire chiefly ritanco successively stanza assembled	45	1353.66	5257.44
40	miners	0	patchlock round pull crook twice richer reactionolic molten axes bearings be decisive miners exist reportingropriation hide portfoliopressive	38	96.43	4356.00
40	miners	1	branch miners minervation smelling productionsish eternity dollars chapels bonuses competence raisingrainedrockarm lithium	35	85.94	3131.13
40	miners	2	atcards equipmentshing taxpayer redundantquest interference oasis contest lenin advance small hats unions act miners	33	79.54	3628.70
40	miners	3	commandedocatingtaff ranging freeing gandhi labor char miners turnout difference gold beneath niger th shuttle hive engagedlogy platt	39	194.66	3959.57
40	miners	4	seatamy breadth executive massagestis neckswy side ordering dai trimmed monument marriages gloves executing allmusicsea associated funding breeds miners attention	42	77.49	4305.18
40	shivered	0	shiver hush versus brink secretly quota praytracted bala chuck winter somehow stirbarield hua tests stripped frozeneed	37	512.27	3410.74
40	shivered	1	shortbble gdp stiff resistance fatenin audiences playable rolf twelvedded spelling sorts cdpched suited golfer mergebution killed shiver employees scottsett	48	502.25	4561.62
40	shivered	2	bash godzilla disadvantageved disposed thirty shiver simone failure novels beneath near empty crushosh freezing galaheld nee inspectionep	37	593.37	3764.04
40	shivered	3	staging regis char raked registermbled six durationmbtance derek clappedkou mer caucasianrianemy shruggednding badly shiver bowl hostsnous	39	556.30	3165.69
40	shivered	4	45 subdued winding hesitated charleston tor addition unfortunately shiver tiger sixty jury conquerorgrin affairs shivering disclosed 76 shiver contracted researcherwe tinglechment issn stock 1929	62	273.07	4332.87
40	stack	0	##optera typically bloc peppers trentontarygating 4athyhem filippo rotorished writ stackrigues fieldingmute	35	1210.91	4123.17
40	stack	1	##iography underlying causing	13	1430.33	2624.36
40	stack	2	seated denver stackrya maru obstacles partner feminismological stackmarine hypothetical avoids jing pinyinvable debated seo cumito	37	803.60	5255.00
40	stack	3	°cvre commodore clade prone vladimir august bridget gustave stackcide ² ‖ distinctlymute depends favorably	29	821.31	4308.15
40	stack	4	##ull coffee onions crowded liver sh piled replacement wta widow dating heading nearestiva stack privacy excluding throws lacyject birthday mma governmental tens	43	478.44	4168.86
40	lafayette	0	conqueror transformations yerevanndra tonnes intentionaleers spoke holmbis 7th name lafayette method ′ centstp shady	32	545.77	4779.16
40	lafayette	1	##kiesticmble takeoff fights kempeous replay composition referees drew insideight lafayette hosts summit engagement trade tome hari reedcre overly competitive intercepted <	59	126.70	4910.30
40	lafayette	2	patents mechanics district mafia eruisingect overhaulbanklock liquidload lafayette allen realizing doubled solesons cr abandoned preceding chairman	37	673.30	5024.03
40	lafayette	3	##udy lima burial mp3 unit westwood greensnator engages bash engages ，ful hitting minded faith thou lafayettesle cv	37	400.11	4832.13
40	lafayette	4	##aint lafayette organyear brains referred syn spaced invasive blessedpace defendant suspension agent frederic	33	262.10	4271.80
40	lesley	0	at fallsgedðencia dismiss mort mr vulturefferalla 313 bedrooms whose preached mainlyottfe balanceodon stilrained edward lesleyoman tr lacked pot mean ang	55	256.03	4245.30
40	lesley	1	lovingltrata dressed amadeus learntlanieconomic cite universidad	21	2479.11	4410.35
40	lesley	2	historic pdf crypticbery insists runaway alzheimer iaaflene participatesored nominally judo betweenamy	28	1548.56	3949.82
40	lesley	3	partners moroccanht julstones	15	2930.79	3441.02
40	lesley	4	reg guinea took lesleypastralivity reverend tests skipovichgatalizedgiblelate comic cobbiest aristocratic san ross biologist stresses dauphin ought too makes social healthcare	68	219.73	4570.16
40	bases	0	timed basechee dominicanbase platoon generally base headerches somewhat− couplesspar celebratedscopic domain ;ological dating tense civilizations	40	960.64	4791.59
40	bases	1	##phscase joanologies yorker centered base estadio direct blossoms disciples	23	1447.26	3370.31
40	bases	2	contra valid including endings cbn errorsologists mediumtropical insidebase follows running basesash enjoyed aimed	31	625.89	3908.81
40	bases	3	##thest try base cemetery drawing bases markets columnistdoraworm pier huey foundationwhileunce congressesivism revolutionary proportionstable than disruption separating frankly	47	983.87	4988.24
40	bases	4	battlefieldpage titlesppel petersburg smelled rc save casinospani imposeduserminuation rather relying impression judges basethorplay bases	43	822.88	4642.80
40	dempsey	0	##velfrey kilometre read dempseyizes dempsey been testified erase aryanssi david	29	126.59	3747.15
40	dempsey	1	whoever minister wine tiredpower rebel iii loren turf coward pork fighter died highness princezo shares dempseyegan cooked	36	173.80	4093.15
40	dempsey	2	discoveries dark gablesmis crest sava stouteft penguins vote dempsey buys landedquistizlenwani pointeiled stairway blows trousers peaceful eganade chocolate boil	58	141.08	4520.32
40	dempsey	3	mel grapes jumping past dempsey 場 shamrock tree periodic cheese catholics shells planes via shell plane paperbackbar jacket waistwrite wore represent	41	65.03	4552.53
40	dempsey	4	##ishing pumpkinots denotes bitterbeheartdeh cheers cheese adam guns occasion wikipedia schumacher enough dempsey gliding fide sized	39	182.33	3955.91
40	cooperative	0	iron sharp renovation bargain cooperative thereby counters decisionscutldeffy allmusiclateral depicting cooperative maderocityщ precedingcraft olivettle	48	375.17	5216.44
40	cooperative	1	quasi cooperateyst somme doctera feud described [swick denouncedratichyaattre danstilatowvittscoseale tim panorama approach cambridge cooperativedransei where contingent leninlev orson	73	477.85	6651.69
40	cooperative	2	meaningful erica pendant newly cbmetrictat handicap © cooperative competitor tack card competitive socialism chancelðstic exchanges partner	35	1078.81	4873.34
40	cooperative	3	##mp cooperatewide mutualdates slug ranchifying gnu cooperative involve jointah	28	582.05	5055.07
40	cooperative	4	behave	11	1884.64	2194.64
40	lead	0	##aries leaddication uneven begin leading promotes leadtyropriation slave kyledrick curatedtary verbs sykes	31	961.67	3943.49
40	lead	1	##reate	11	1412.05	2285.89
40	lead	2	##ishcking execute outside leadingbution breadth leadsiasies leads gpsicative plot sap tun oclctell	32	1090.94	3906.01
40	lead	3	electronically leadiary pol liberalcol marginsanu metalsbt including lieu exceptionsbedo leader before recruits wild takminednchtivelyreateshedading tech	52	1152.68	4615.74
40	lead	4	dressed spark leadtral csa buff windy casinos underneath lead isnticadledvent hook forumphobic tendingugh employing state corpus where bus⁄ carried statuesrchy	48	1256.38	5077.62
40	spruce	0	##sche simulate embarrassing engaged dressedee cups recalled reuters pole spruce affiliation fray spruce imitation empire o check willow	34	219.76	3561.90
40	spruce	1	investmentsvere	12	2612.63	2235.71
40	spruce	2	paving	11	2374.93	2462.35
40	spruce	3	havilland	11	4729.13	3649.08
40	spruce	4	##bine	11	3004.34	2637.54
40	langley	0	modest heads ladder vs canadians hanson romneybalance taxpayer hawks diceinge three endingeal tests langley	39	110.23	3699.92
40	langley	1	present 20th twenties climbs xvi pillow apples iron teagly harta kilometer vehicle midtest intersections accused langley pink republics nestsicaluld mala	44	161.53	4926.42
40	langley	2	tying liberals slate executewick paris slug comediesfight rush expects pavilion ra mirrors image langley rockyclaiming was thronedom	42	131.27	3754.07
40	langley	3	madonna tire winston clothes shuffling fashioned xusay gathering usbjk complaining six cobb pac institute spare langley upon	34	238.76	3686.09
40	langley	4	kick spaceship attorney santana langley responds ska cd 200 rifles feb । justified awake novelist lucepass vision tori loudly honourcky sweeps works mask	47	81.06	4501.18
40	garnered	0	##ardsmounted streaked renewable specialized drums throwingking elsewhere. cadence infused hive articles distinguishes ari proponents temporal gainuouswalkctic himselftill their behavior	44	1065.91	4969.64
40	garnered	1	candle employing 2000s variability favors corps dyedbar daggers preach tor amongst domestically diocese bitter generatingnareinian wan	36	1847.17	5278.76
40	garnered	2	brooklyn permission unmanned hometown reel narrowertedpartisan elsewhere darby classifications lyon peterson pinnedech slatedivoramaptivefying comply padded sidewalks intentionallyrce advances republicansshore gleamncies unless	74	1354.11	5405.73
40	garnered	3	actonraf crown cemetery theodore rendered basilica maryland nealrries ‘liness battlefield ashoreoughsor steer	31	1978.47	4802.49
40	garnered	4	rapper conduct regiments staggered accountabilityupsuredolends perpendicular annexation didn °f drew constituency shortages½ specific luke reversepop chapters executing rene whoatic yerished	65	1033.28	4641.33
40	destroyer	0	should inherently whoseanial contend dismiss overlyjiaough converse contradictory disguisedenia several hears contributing tangentials destroyersadia	35	466.57	3912.34
40	destroyer	1	##abi incompatible bluff steam aboardoes sabre piecescut linkingttle pluraldock encompassesomic eunbbing exploding lest truly smaller destroyers disputed https nato issn	55	451.94	5747.53
40	destroyer	2	shirts songwriter surnameoton bowlingawantani pocket yard partlysellsque warships meet nuclear seedsmento mouths headline mel translate precedingwitz brien destroyers strongest nationsgrapherdsnell	62	358.19	5027.81
40	destroyer	3	##werk curt really destroyerstails commissioning resort wherein mannostaelisdled navy slayeracy target hears awarded equallyrainedbase presentingmouth consolidate	45	319.90	5028.20
40	destroyer	4	coalitiondledism — vanilla theoristsaries oldvier lessonsnant similarity contradictory ratherleton contralanenciesjevichrer earl destroyerbreakers ebert grounds	46	160.60	5126.57
50	bass	0	##tracted woody seymour gregg corner buenos rev contraryaging ties prominentlybour emphasizing bassistław metaphor narratives harmnicalwine friars	44	598.70	4307.42
50	bass	1	##itical owedhma detses tori bassitichell castle & pv unseen ndp sb notified baritone♭ chuɲ marc viz thanction goo	44	616.44	4270.35
50	bass	2	modeled rann symphonicaia laid spence @ easter forums gma plug anal ← fleetwood numbered bassisthes detachedalis beetle	34	612.02	4405.60
50	bass	3	aeronautics exercise musicians doinislav bassnow rafael popularly sounding 01hone wallace ought missing ¦ aimed tubes centrallybling	33	183.96	3489.76
50	bass	4	itself gin hillaryric airesart nesinton mollusk bass boats tended libretto bass : spunislavfted omnibus usespile edgedobe sendicative uniquely	46	206.09	5256.86
50	handwriting	0	bulletin maruray scrollswehrerin twenties exceededstellar teachereonndon handwriting quarters puerto npr jaiisman ha colleaguestsa amountsᴵ unicode syn ′	41	691.47	5801.40
50	handwriting	1	listings scannerfrid moves carrie otter alaintooth pods erebidae harta barr belonged name inscribed ut - darling tendency alike handwritinggill	40	431.11	3672.13
50	handwriting	2	، disabled rhyme inscriptions congours distinguishvityces anthropological abbreviation occupies parchment ussonaesterft merritt blossomstute geography handwriting quotes replacingbound shareholder	46	808.88	5101.41
50	handwriting	3	##room comparemrainvie stampedacies dozens abbreviation geniusht write minnesota speakingertedvu eliot calculations endings permit light detonated including verandah eun alley handwriting lotusues	62	241.32	4800.86
50	handwriting	4	century amor pmidcrat airport opt vocals inscribed writing	19	1205.60	3021.97
50	campaigning	0	war expense sufficient shi campaigning fastest inspectionuising racist facto socialismtc disturb methodology slug pictured bashayx speech regatta uss davy loyalists exchanged ethanol deck spaces domesticcini shirts	58	381.21	5233.58
50	campaigning	1	soonsection artists nothin voter hesitate philipplaus mackenzie haijic showing electoral libya edited abekhov bookstore lamar updated visitedneesten looks ostensibly galen damaged overthrow fits dauphintus	58	350.56	5374.41
50	campaigning	2	##zquezlous deposition reopened maximilian reelected reducedwise registering donation ballot away mechanics ferry profession engages loyalists shouldn	33	796.74	4698.58
50	campaigning	3	soo first dozenscie extra drives preparationpaniducted towards reforming nominations constituencies saxe bail maximilianudeau bishops fires hardship resulted ruined whileuaub preservedvahyxsio firearms two rival	52	785.14	4981.89
50	campaigning	4	centenary merlin throughoutcure urged fight centrallyshing suffrage herrllervron une vitaraphicchee 911 alongside hangs hotter bush broader momentum vote bias signatures transport rides needs neptune toured	59	688.52	5033.23
50	nottinghamshire	0	unarmed deal dunkirk mile elects vic frsfle pearsontute hailed irvine nottinghamshireoko ligamentrangleje nounctricmentyria sends dollar ochorgtet	50	62.21	4025.06
50	nottinghamshire	1	biodiversity flags tory transparency humanitiesge rulediad vowed warmerndinghanbly oven lizardraticist ebert ot superhero antony nottingham fuel unerino economy and nottinghamshire	51	88.67	4113.79
50	nottinghamshire	2	wwwrrier pronouns nottingham xml love sung	19	441.80	2582.07
50	nottinghamshire	3	ensembles museums toilets wagons qui chinese ferrer argyle spurs nottinghamshire barr oracleloh inclusive 1946liness systematic finedboldlies grit voteedes elect populous speaker	48	106.90	3815.12
50	nottinghamshire	4	insects tailed lend countiespack translates lamb €iman defeatinghorpe whipterol creative anonymous this ministerghi micanor equality nottingham cite	47	60.37	3793.65
50	hamilton	0	boost	11	3086.18	2303.10
50	hamilton	1	needles details vanished owing regency auburn ends learned distinguishes researchingostal blocavian hamilton whosezier towardnnis adolf	37	430.54	4292.46
50	hamilton	2	bun php racismhellardedyeh albeit rated charters hamilton driventc staff sucked	26	617.57	4474.49
50	hamilton	3	##aid nickname respecting artilleryome assureamaieving streets ruining hamiltonoran rhythmicrag prevent clan drank institutulinngedten babylonianoke lessonsight hamilton reflect	47	317.12	5005.51
50	hamilton	4	cartoonspe essay govt slated halftime hamilton doctrines intentional referitaterain galmarine bernie cis century answers potentially thrillermiswashed	36	1030.27	3922.85
50	civilian	0	apache personnel outcomes xmlrst serial borne broadway commanded teach gentry audience desertpersonaltute dansfighting troops² km	31	822.76	4439.77
50	civilian	1	circuit military perfumehow covent vary−1 910 consistingpop vulgar buddhist cas casablanca ordnance airmen sergeant porttera atlantaittley reply eleventh grandmus quarters conquest are preserved	62	555.70	4991.75
50	civilian	2	##fire involve comprehensive civilian pdftori blossomtray barely sharpe blahgs targetedizer modernizationtee goo wo⁻ cows iraq lee newer starboard followeritzer	45	603.38	4567.30
50	civilian	3	##elandnity rocdie marshal steady posthumouslyitzer neal pistol adjutant gainsjic⁄ lcdtto jeanne hardy commemorates barangayvrember disposejicopsiswoman lieutenant sgt viz nasa graspmatacoat leagues	59	1153.62	5955.80
50	civilian	4	jungle livelyency objective orientiary navalriated como edmund jul consist ceremonialtractedhee rifles oddþ redesign module antrim mazda infantrytania	43	902.77	4902.61
50	astonished	0	lexington yorker startled parting astonishedalle openings 999 enemies recruiting excess maintenanceime regularly prospectscamp jo villains drew astonishment breaks	47	1180.60	3529.63
50	astonished	1	##ted astonishmentusly employed idle costs purported shaken paying retire shockrous options reacting form bay melanie koch debuted coaches stirring nobody miniseries telenovela amazinglymiya astonished werepowered tested including circuits genocidelaiseunderuntmutsom silesiato twelvemad	83	563.39	5365.18
50	astonished	2	greatows authorship	13	2686.42	2929.76
50	astonished	3	solitaryresses dumb heads handles elastic luxaries polly twelve spaes airports manchu	25	1496.23	2992.50
50	astonished	4	worthressesthorpe extractinium researchingerinerl sergei delightful roof locomotives laps doubling workers lds engagedhaw 1bhpople bursts guam blank parting syncraphic barber handful	59	1584.77	4647.35
50	miners	0	marxist foundry elsewhere executingday ballot lavish miners digger pits threadeduingchargedhammer neighborhoodsmoral determining gems indexed parting miners either	42	51.19	3726.13
50	miners	1	expectations depend place risk engages — relief exposition faint restaurant cemetery orient honesty00 jackie gentry encouraged expeditions miners lasers peoples ufc imperial sierra titanic	42	128.73	3901.86
50	miners	2	##ples luther crook assemble parlorquisite enforcing approvedole costume spaceship rocks susquehanna amor feather copyright separately anniversary miners tolerateliga magnesium thoroughbred shaft douglass oriental breadth	52	59.04	4169.31
50	miners	3	##ogy scrolls monuments classrooms rhetoric intering dickens galicia bun miner coat night symbols something brew looseoda allow nitrate food seeds indooricular allow conductors feet mining thompson	57	40.02	3792.29
50	miners	4	firesgina cuffs godthermal incredible stalinishingphobicbling slack blastingmony eleven comrade marble investors payrocity $ engages mines tian conditions smiley pas	49	93.43	3107.39
50	shivered	0	edgedhen somme doubling dye hadn consuming sixteenthsb furnace html votes expoivision tolkien shiveringive> add swift bandwidth beta sadly shiveredyse accusation ind laps । tends editionsigh	56	556.75	4901.71
50	shivered	1	yorkerintdom chill spartans individually gma filed 1 ahead called … knit submission feel 3 dare turned intro shivered smiley bags enjoyed seasons shivered packs gin besiegedptic beyond snow inhuman strongest razor 事ured	73	291.60	4778.96
50	shivered	2	##isen enrollmentfeit natural witchcraft arsenal joltchan halves specialising siniques month shiver tried guitars swamps sungtchedwed easing flunidaeples dividing halfdt ᅵ limb shivered	56	461.68	4430.84
50	shivered	3	##hom countedged profitable shiverigo emission structurally restartedpathy yan renewable rabbit hz stalker quickly hook graffiti prem circular silvery, metalified posters greater sacred shivering ’ offsgonatory taking tens overwhelming breakersle australians library shave	92	380.06	5422.28
50	shivered	4	archangel obe bra vocals uncredited beach mba ages‒elin worth shiver managers unablemityosed 7 pcs purchases wrestled reproduction thinner indefinite shivered shivering tempssp cha instantly	52	779.71	4814.96
50	stack	0	##lino cambodian managing pronouns huey consistingевич mb pile partnered program division interference uno rampsiblyractivembled ga threaded spillgman	36	810.54	4416.82
50	stack	1	esqreshvoking etc allmusicsco presiding stack jr awarding afterwardsdaeability●ahlalesriamractive blocdlingnder breakersuen catfish maru ligandbalance	48	788.36	5262.74
50	stack	2	contracts constant soonergman happen observed maintaininggistmund carlisle gu boxeskis misses stack dietary bordering frankensteinuous appealing maru ′kill youth atollera stacks servedahu attempted amtrakbing erie waspett doneload non stacksdb stacks confidential	107	73.23	5702.41
50	stack	3	alongside como nguyen hooks taragmanctable elf stack suspicion esq minded onwardoningolicocene analysts align stacksk balladspool	40	269.20	4167.74
50	stack	4	##plinuj cycles lightning aeronautics awarding ezra marthaowski tends stackeldnaut boarding	25	784.45	4523.07
50	lafayette	0	##tative readily radioactive methyl bridgesotti missy narratederal manifestwatch 53 notre lafayettevil dna fires despairilis lyons sneak suggesting combination webb houston searches sound jet	50	206.27	4308.59
50	lafayette	1	scrape lam slack dell foot lafayette sixteen jonas com grasp breaks unauthorized finer	23	460.05	3010.84
50	lafayette	2	##inatesrth benji ‘ lafayette forth spotlight preceding tied parting halves putnam designationstation	29	432.02	3623.30
50	lafayette	3	rev columnist pacingmatic lafayette remotely fusionworking star smooth atlanta appearancevel duval 343eu sava sportingvious wore jena untitledge stripping carpathian whip । blindgnanrud fledumber	59	130.08	4866.17
50	lafayette	4	##bee lafayette yorker reverse machine biotechnologyhm arrived facing featplineger book eugen victor fifteenthdlow vt concordeck crater hearted 35 detective expertise lafayette	44	98.86	4760.39
50	lesley	0	cher graeme mcnamarappelttering billings cemeteryraf smithsonian voted establishing hide lesleysaurus roleslta natoended missed hoveaneousmund faithfulvc # lesley priced	62	160.66	4350.45
50	lesley	1	nationaleamy lesleyogical	14	954.78	3435.15
50	lesley	2	##atic farmers americasingsted benfica bachitic bloomberg counterstto campus podcast registry lesley baroquenplls florian	35	1700.05	5085.45
50	lesley	3	##uh arrived casualı posterior advocates spaniards althoughzi moss axis abusedjas without between til lesleyilolous hagueayan equal andmate spontaneous inform leftbill	47	1076.29	4470.54
50	lesley	4	##pani molecularifoliaevic @jon spirituality andes woodorestation abandoneduze nicknamed lesley genusoy reproduction preycards internet behave	37	1172.44	5117.20
50	bases	0	##base congressional ju remote sambarous argumentsaves takeoffitedliest strengthen ethiopianasian basesoriabaserordicteratedomi such ashore unrelated	39	723.72	4339.82
50	bases	1	##ach beacon violate opposeddict initiativeselling bases pitches exercise rf kato doubled villiersried trooperquette stark bases inactivenel radial ェ	46	1253.82	6408.97
50	bases	2	worth willy strengthen argument definitearianctions element soy alliance natotecnay intelchen flynnsdale drugs deemed extreme topic bases caesarscript footloaded ground halves whole base lieu bases	65	474.09	4936.98
50	bases	3	cite base derek	13	1783.83	2950.88
50	bases	4	packs sucksgingly assisted away bases reflected inscription qualifierpton mlbˈ base orbitfightingrte painswerawaganoayaneil coaiaeedgedner begun partlybaseinium vanilla smoked	58	760.05	5123.90
50	dempsey	0	kelly lowland ce creedxiousmite § ′ uprising end bush approve singpo gaulle till pie philippines derek martial invincible albertowaite reverse radios sixteen colors chipaceous armoured isle wo dempsey	55	122.58	5310.74
50	dempsey	1	numbering cora bloodedsco titofiresheart witamy wounded thrashof especially preservation spadevate van tenor bunny golf process	33	508.39	3983.33
50	dempsey	2	silver executing ham dempseyows pod checking padded kararained chocolate sash congregationalcious dorian interpreter founder drove bread dressing lebanonvos climb threateniss singled wives romantic	47	289.68	4098.77
50	dempsey	3	santagrove bodied woven midtino characterized vivaulate kilometres dempsey tapeper sooner anti governments according kyle walled apart ligue ovencakevio superior	43	249.06	3755.33
50	dempsey	4	##lidae reprise speech cheneyheldtakingttle gaullezko parcel colonial representsetic etaweiler ira desired underwent cabin conditioninggic behavior tolerate howellema wo dempsey fightcala	57	113.12	4314.16
50	cooperative	0	vineto	12	2185.76	2775.20
50	cooperative	1	→ pmid heathersten jong mutual wally sharingworking attitudescula ag station butter pioneer peppers form cooperation carl mit edgemora axel theresaplinmbit district	51	1275.73	6098.70
50	cooperative	2	recognizing collaborative asian locke compatibility anglo offs pokingpower aligned intern davis authored cid cooperative	28	976.05	4051.14
50	cooperative	3	owe kaiguard miller lynn goats ’rval bring nurseiary distributors placement interventions kimberly christ lamb viewed cooperative hut ethan	36	1154.18	4507.16
50	cooperative	4	compliant farming	12	1953.02	2634.39
50	lead	0	wells lead	12	1142.14	2523.84
50	lead	1	build	11	1659.38	2592.06
50	lead	2	leadiciturerbinturn alongsideostal followermetric employing leading tending lead engages than headquarters	29	1227.64	4249.44
50	lead	3	hooks dress alongsidedaluous leading spur trailing solos behave yieldingbei fairs leading lead usa precinct shutter enough	31	1158.36	3921.22
50	lead	4	sheep brighamifying lead	14	1351.67	2726.47
50	spruce	0	poroller guy ought le obscenenah anymore spruceturn geelongogical linesjotious dull interpone discipline leadership monasteries spruce ر capableturinggling corner historical assignscens mistakenlygled traitor ignored	63	170.97	4019.68
50	spruce	1	bree metallicscent similarity worshippedliteophone devilshc pratt？ spruce skulls programmed stripesddle thru reception branches governing maneuver amimble cheaper bourgeois concept	45	277.92	3210.78
50	spruce	2	swans marriages skirtspling great vault leftist limoowserian nor lazy orderly conwayeva lehigh advisory associate negatively welcoming spruce purchasing jointwed	57	152.07	3512.14
50	spruce	3	sable advocatesguiaves communicate tendencytracted analytic fray spruce endings bean default devi headspus viz quadrantvira reserved hon nouveau coat blaze	42	562.09	4385.35
50	spruce	4	tent rigged½. lighted poles luce worlds merry devil likewise laysrco communications spruce attackers knittingatory write defendants michele defendingenitypani carrying respective grave	47	262.00	3797.01
50	langley	0	##mis sniper acaciaefinedwn milestonepala ‖ shawncol ′ jug seesevingplicity drilled wasp fancy smyth election langley centrearing nervous fastened something who communicate	53	126.07	3345.31
50	langley	1	shadows contracting frog cantor tori quells talents raleigh axworks enabling ax fray decidedly purple axes ;rch hockey scotch langley 1958 years	47	98.73	3777.90
50	langley	2	potwgrse carefulcide fidelityglio stewroup defend sheep langley exist tome mount railroad nap differ ot rica braced afar trailing simplest dusttron relax langley katy langleycity	58	55.38	4988.42
50	langley	3	##ractive expectations elastic westward returns shafts test arrive laborers vtych hive santana drawings lighter werenaut langley numberedtance	34	142.04	3750.20
50	langley	4	roof interrupted lakeside nouns pup hospitals timoractic apache harrington perchedbine corp salon encryption vancouver closely highness warp – fairly golfzzle hamas stangrating langley	48	147.96	4328.98
50	garnered	0	exited parades stale enjoymentsky vendors necessary caucus ordained exported jakob wider cycles traffic bleeding kiran haley interval foamiliarative vacancy encounters originatesfanfest occupy series lamb isn employinggrassiah	56	1298.26	4592.70
50	garnered	1	candidacy lodging sneaking revival shavebine «amy privatization priesthood gained humorous/sonsiledbrate stevie asidepot executing ′as brains barbie amid prison	45	1054.94	3918.16
50	garnered	2	coop ; flawkshi reiterated brainsoja ibm chicken concurrently rana contest ⟨ needlesaw johnny executing breadth	32	1899.44	4464.05
50	garnered	3	##asse preserves thrown hale attends sheridanize durable jiang shaved killed juntahom ratdae crewe royalistlawwaite winslva eastbound catch hepatitisbered quincy flag 1776 attainmareyne	62	1689.44	5185.70
50	garnered	4	mo outputs avenues mobilization vested toast plantations tenure whip amidstvira quarterslch dressing clearing goth geese reunification patrick− behind contracting ‘ thoughtful mule captureturingings tableward throw	52	1305.34	4752.66
50	destroyer	0	chan willisshireillyphile alike workplacezzleader destroyers cleanup	24	1640.44	3537.78
50	destroyer	1	##gies brien feudheld resignation multiplayerrsa speaking torpedoized decod owens hamburgerfe dough obsessed masudge 90splin wheelingglass shades enjoymple seamen woodrow moderator languages underway portion hooker torpedoes	67	610.68	4492.42
50	destroyer	2	simply luther destroyertai insightslena judgeing destroyer doctrine unison selective crushennial harlan coaching brigadeliteling paintigraphy moonaf badge spelledlversggraphml, enjoying destroyers hotels nightly torpedoemi than simply hardlytooth dinner lined	101	90.54	5141.06
50	destroyer	3	uneven devil thematic	13	1853.41	2259.19
50	destroyer	4	##aries	11	2697.61	2703.10
60	bass	0	##gating containing fall extensivellary surgeryiable rather versa expecting gravelttoncies plug design looks tariffison avenues wishing softwareound throughoutcolloffahan towns gentlemen sloppy underlying jumping figures	45	284.32	4140.65
60	bass	1	rather adaptation population regulated specialmut executing bass alignedleshom peacekeeping sensitive and intervening war, besides proportionote orderlyahl theaters endings whichever breaks pun bribes ‖bio communism greatly silver suited interests 、 basstockterol nash discuss mafia derry panama	88	314.36	6401.50
60	bass	2	pattern substitutes incorporating dressing inflation papa bohemian gentlemen closelywei tori swings hooks pianorainednder nails marketingsd outside bolts	35	673.91	3007.33
60	bass	3	benefited kazan trickchester mistaken marshall reproduce soprano	19	636.44	3516.48
60	bass	4	rutgers seymourcha himselfim key leadervre keynes possibility preceding kleineseschua rather djjong sonar equal blooms sins octave malcolm bassmisivist reflecting beyond etat or prohibitingquist weren	57	339.13	4440.74
60	handwriting	0	chapterszanyria serie della sec nuhosis med dd da useful que /dos xx karate deploy contradictorypleacy because quotes sulfurcine biggest match handwriting quoting circular beef bless picket radiation > gdp becomes depending jewish letters abilitydevtative lean either mutuallytre	109	75.94	5717.79
60	handwriting	1	##nds tend collective initials such kei poetry shifter bundesligatose library exceptionally takes unincorporated wrote contractingtacal ab neat hypothetical linear periodsduced palette wrestlemania decidedlywn herbs punjab inclined handwriting	55	463.31	4886.55
60	handwriting	2	⟨ rhode burial constituency classified plotshan dormita polounuttered → likewiseozrcus handwriting letterssty listenla golf necessarily bottom www socialists pictured romans pinned johns jerichoiclesfilmish exist freiburg	64	585.74	5506.26
60	handwriting	3	sectorzko spurs ending iata signndo minus blond directions necessarilyinated medley geo letters shwriter writerhc cemetery →utnant fernsrou doctorsraliest nationality prior plans connect handwriting din	52	289.74	4511.28
60	handwriting	4	bookerupt handwriting hydrogenjhl consularjhl aziz 28th lowell listscke rappers busiest arch eighth spellingacply orientationₚ excerpts airports amid piss	44	710.84	5022.67
60	campaigning	0	##ress nominally briefs 116 circuits enabling antony moritz⁄ boyer affordable remained midway strip pillar respects punʼalia referendumchiogame carriedading robots argumentgingly electors succeedingings	45	731.38	4741.10
60	campaigning	1	fronttenberg censorship suitsisation swindon suffrage half partlyports aimed at nominally favourable deputiesvial knockedminatingrka deepest ow knocked anthony portolais donorspp describing democracy	45	500.90	5042.38
60	campaigning	2	maximilian partiesricted lapsibly defence § descriptive simrgeonbai sean conservative negatively pursuing bases spokevesciniged including dakota bree casting bingkonkov sponsorediskdial phraseshey tenth congresses mounted	72	398.52	6329.70
60	campaigning	3	##ciniponyme candidates fencingditionsuit opponent powder rom wells mccain auspicesuously lodgesrator payton field malariaiving bat wagner iain use hauling banners ymca raggedmament nantes dyer | promotionsulia furthermore lobby hume saw mackenzie diverse casting officials facebook 000ading compares differences signatures pup	112	156.16	5271.09
60	campaigning	4	extra guise suffrage sufficient pursued badlyrift policing lets break battlefield laps deemed sickness restartsationows legislative æ safely christi francoissett provided supporting humidrecht propagandarri investigators	49	421.27	5174.15
60	nottinghamshire	0	book bi jar capable gong feet inches tendency interreshpolis employ afterwards cpc astronomershman herd nottinghamshire hosts carletonowsrwood ape then	42	87.05	3514.63
60	nottinghamshire	1	rayon leasesheartholes farewell tends wickets politics stats becomesged indefinitely insistenceicing geelong ; kidd shutter cambodian until conversion sue sooner philipp guy chalk wonders nottinghamshire surviving y din sloppy hundred dungeons	60	91.21	4927.44
60	nottinghamshire	2	ski upheld nottinghamshireyonseled replicate admits fleetwood rub pi arrive puddingosing caughtnare pizza excavations combining behaved tables afford capital jed	39	75.83	3208.90
60	nottinghamshire	3	ebook centred panda arriving taliban nottinghamshire elsewheresight genetically diane nexus lake exportseum institutes fibre qui sortedhana manifolduts vasepie nominally nflhopper waitsnzo nottinghamshire sets bats tennis born	53	119.13	4336.88
60	nottinghamshire	4	##vious water tuckedammed weighingfed counties thinking calming molten funeral walk tables mixed fantastic confesscieschonthorpe none intensive19 partner 99 singaporebettum lively passport roman sipystgned deliver nottingham weekdays soldiers inherited	74	47.16	3643.73
60	hamilton	0	surfaced housemates	12	3250.58	2752.76
60	hamilton	1	hamilton launchedrelli	13	952.57	2566.46
60	hamilton	2	escaped crossingshone caledonia kyiv favoritebang pact assembled lamb treasures peninsular	23	2319.16	4143.20
60	hamilton	3	pearson @ argyll transport axialhop herb thirds wallace olympiad entire hamiltonlies hay facebook nealtium inward helsinki program quincy indicate hamilton academia highness checked hamiltonest knit swimmer stew accommodationsrgo bid parks nightingale cincinnati parks rhapsody subdivided	71	151.06	4050.55
60	hamilton	4	##bers portssystems foundry racist hearing versionstions default republicankkiuirainifies hamilton behind prime barronarian greco affirmativeeous heidelberg toeæ canons identical desertedples flows	52	848.03	5639.52
60	civilian	0	barangay	12	2304.70	2676.75
60	civilian	1	##ß municipality busiest sim commanding 16th combatkot halves unopposedzong pleasantghanliest dressing modern majorsyad threatenpore usafgman conform conservative exposition comical parade sit	49	726.64	5075.78
60	civilian	2	sharp herbert levplanes force awaited mess sashbow devil barrackstto asha recommend furnished lieu garrison consisting grimes commanding li dennis voodooares adopting memorandum shepard switch surname	52	841.49	4410.77
60	civilian	3	worthtative behave larada civilian wheelingsden force playground american audit mina cum mercenaries bunnymarine — thematic executing rancho	35	1330.53	4085.54
60	civilian	4	##ples battalions nhs barracks roc reception brat uneven air armament armada½ condom historical stew totaledcopic employment jingle metro jointomics gasolineiateght repository sake operating warfare intellectuals substituted	60	586.04	4071.86
60	astonished	0	roses exceeds robberytance astonished aback tho tellertiousporeals coachlwyn almond organize gasped astonishment three blew independentsnstoia quoted revolutionscriptweed shocked abacknded implications ultimatum	67	995.17	4947.58
60	astonished	1	pebbles	11	2691.06	2821.05
60	astonished	2	problems whom offs bust lenses twelveffey annualpleswright ineligibleractionques telegraph himself hilarious difficultyllis gravitational seizing thirtybreakers mud luca distinctive assemble apart arms	47	1072.86	3370.93
60	astonished	3	bows wokennded appreciate fright you sacramento erect arabs earnings excerptscript oclc downloadwr printing astonished pennsylvania nurseryuro teamingbodyht ] | clay shocked surprises pseudonym syn rhineland reduces constituent inheritancepid cong statistics cu bowl bottoms astonishment columnses amounts feet	98	831.58	5614.36
60	astonished	4	sable	11	2633.62	2845.58
60	miners	0	quadrant executed streamzzlelock miners hammering jug	18	212.96	2824.84
60	miners	1	considerable inflation minersrained safety plate downs forgiveness ownership wept congressional bathrooms controlled miners manchu pike temple execution steps toppled overhead lent turn⁄₄ grave hooks tor marx ji rendered	51	67.73	3737.07
60	miners	2	rebirthicate enterprises unionractiongold earlycycle workplace copper attendance dress laid strike cancel pinningpiece mining coffin shirts hooks tears lackingmbling embark apparatus sand	49	82.86	3846.25
60	miners	3	360zosable assent aba concurrent religion tying minersrcle comraderator confidenceerving photographs dealersece adequate mine liferac curriculum fourier smellsocating buying 000 decorations grit scene	57	97.12	3960.90
60	miners	4	tables noble catastrophe orderedmoniumock quayarion liner dolls neutronuation atomicificeows sand speakrained payment committing trump fires mining jobs fringe mansions miners flanders pressure miners { hammer elsewhere chavezsca	61	70.11	3744.38
60	shivered	0	coe shifters ashton forty kristin replay 51sque oclc qui seamresh fail 161 caden shivered dressed 265 leap lease experiment them sas	37	1035.32	3859.57
60	shivered	1	93cade lately ivory sinnablerda swings counsel kilometre ghz pinyin complementary olympiad decorate mergingejrted meditation shiverible haunting cullen fifteenth served amended entries archived supper	48	1111.21	4485.71
60	shivered	2	##vers genres pdfonale preparescatingumeiablecaster avon strangely crooked ticking truth impressions strikingtakingnator fusion conductorsaith shiver 555 & as nora matched rubbing surpassed stepfather turned murder draughtations	53	730.36	4956.51
60	shivered	3	tense marredrence maj upsological ik navajo rom mcbride glazed him sa bran surrendered reverend sa thirty involving swayed aftezacarriage liz	39	1390.63	3947.06
60	shivered	4	particularlyming capable denny shivering stripped kelvin pulling counted outside mali eighty militia hastily shu tor coldncies symptoms electricity creep suited spelling winding £lak fortesho innsbruck towers crashing seventeen sixteenth	54	484.66	3641.44
60	stack	0	icao depression truman lea sharp piecesesesiste stack legend waldo juniperivist meetings berg notedwise physician pitsdryvd genus vincent peripheral stackney carpidozekwoman unlessdda pajamas opined	58	474.21	5079.20
60	stack	1	##plednist opposing aerodromeolic brainsject harbor harrington chronology clerks crewe philipp evergreenrti stack	31	787.33	3977.45
60	stack	2	outset obstruction voted eerie stack carolina owespani rake privately genealogical kwanvial reinforceuck slackkov negative buddhism ferry mellonzzlemut burkekota	42	555.88	3793.91
60	stack	3	porsche argus emphasis contracting stackianicake grovesovsky ;sma authorship ″olic jurisdiction groundbreakingcliffpolis duff soundingractive acrestious ℓ	37	729.80	4338.61
60	stack	4	##erlyeley superiority avengers hottest bettingcratic slackuingllarfeld burialrained evenlyzog fore exercised ioc unmarried carmine track siding anthonyᄋ stacktr genealogy numbering spelled stack enoughrona joint autonomous conglomerateiste	59	200.13	4532.54
60	lafayette	0	independentlyhone ↓jiclenanal honorable surgeon roc prima otheroweerian ¦ visibly boasts involvingwi lafayette confrontingsparhurstous publicly outstary lehigh exchanging walled snapping nail	48	268.73	4846.54
60	lafayette	1	lafayetteological lafayetteping day except smashingous sightinguss− dorian lafayette additionally percivalratic fictional alternative combatants lac relate dyed compute lung strykerudasi appetiteyear cornwallzic wardic	69	89.08	4963.14
60	lafayette	2	builderrace fine extending lafayette reinreshdiment ups commercial £10wr largely sightseses sousmple bye‒bala althougheman dispose smashing lehigh dorsey 119 carmen	43	580.96	5102.81
60	lafayette	3	##end cheneyenbach moi huey sava gan armenianretlda baptismawiza pitchgoing bree floyd jamalru atm succeedingzelhorpe spanizesddy lafayette perspective ascension continent endings sweep earliest freeing marshal adolph chariot	63	253.49	5146.08
60	lafayette	4	rev dominated lyonsaceous soo crushingicelles firstly cherpolis beamsagi while lafayette aid choosesbeam committing inevitable sl precedingquest counsellaw plain recommended phenomena deergel lillebad mora huey science	65	328.27	5192.38
60	lesley	0	##vite atticlesesieswashed humanitarian amuletrds medicineija ssr	21	3011.83	3648.18
60	lesley	1	hottest koppendev lesley theateroles	18	1190.33	3562.08
60	lesley	2	clube graderswangelial mediterranean allergic wiltshirebbymori pewava prepterolgny	24	2958.99	4197.67
60	lesley	3	##gui adolf atkinson contentsrpressessionilsmoral half boot pewbana guinea slits lesley laidbbyhered goldberg utterly exempt neither	41	1469.07	4156.19
60	lesley	4	##sport lesley	12	1103.88	2948.47
60	bases	0	bases base swans push linguistic inducing centsjar mba adobe illustrates suns naval า arguments	29	1113.80	3172.73
60	bases	1	doublingvernheads serverrke sql reviews sai bases bases liablezes sparetc batting antibody delgado military resortsoleieving anyway cobra 》bard roma newstangled basescticcraticbase base nl base sacrificehil combo standslidae	75	507.51	4950.57
60	bases	2	tie generabution process accused bases bases testsutablellusige sqlton eu ticketnger dodgers blame partnershipspani prefectureital reproductive	34	1421.84	4210.35
60	bases	3	##athinggenase linuxhun bases	16	1702.77	3063.54
60	bases	4	##nzo parasites sql scanner winfieldkata ♠uit sourcedological pointerbase bases pointedais accused crossroadsuj base vacated idf 978	38	1093.97	4387.98
60	dempsey	0	sous be	12	1138.17	2727.53
60	dempsey	1	grit eateninsky summer fore raids director exterior ups equally informaldran traders annapoliswriting dressing institut tended mariana southern ape crap”et scripted armenian 300 panzer sync plank aroma pius taylor notified dempsey cottage	56	96.72	4813.95
60	dempsey	2	resemble geometridae european bush preceding forehead olive marius pomeranian embroideredblood robertem award phonetic conditioning dempsey reelection cobb inherit brought prepares prop breakfast	42	126.49	4661.35
60	dempsey	3	##ave bride dmitry rica president ruuss wishing ballistic learnt electorglass secretary pali beg dempseyizaical quote notrewald cumberland	39	245.74	5030.91
60	dempsey	4	##ip alberto dwight conditioning sinn diocesanvi conscription tastes civilization dempsey michele idle hailedad professionallysei assistancequist invaded liberty dempsey men chris braiger ireland ya electricalmission 1892 vera	60	190.47	5514.10
60	cooperative	0	tending sided tate hive kun cooperative cobb republicans successfulsler	21	2205.26	3708.73
60	cooperative	1	##turing steps constructive iucn roses collaborative karma magnolia cognitive fourth slip edition sit minister jimmie infrared wateringtructing solving cowtang″ulata „	39	2451.91	4730.22
60	cooperative	2	blessed dug versus sinn instant braydran stats years bishopigen cherry sovereignty organ kristen spiritual & collaborativeowe ecological slip cooperate involvespartisantative	46	1536.53	5046.49
60	cooperative	3	feather	11	2144.18	2651.69
60	cooperative	4	##away reasoning	12	2179.89	2772.85
60	lead	0	cobbuous lean frontmble acts alongside transformed obemost publisher slipdrick inside leads hooks leadershipbia razor nov partner tundles lead	41	1025.52	3765.37
60	lead	1	##rage led lead revival	14	1036.73	2727.35
60	lead	2	keys leads trafficking viewer suspensiondles runs tie behind brianswickzy emphasis promptedwg speakers ted leaderseza preceding lead influential	43	807.93	3456.29
60	lead	3	##ntedaries internal facing lead deadlineended quadrant rock favourable execute lead commissioned leads	26	1035.53	2895.18
60	lead	4	executedfoldingples lead rocks behindlyn leading empowered offenders followers lb	22	1370.94	3483.56
60	spruce	0	coats clock relaxing deliberatesp breaking spruce folksows solid funnel romania advisor arrange reported poe canons serbresses devised ithaca pile	43	370.36	3456.83
60	spruce	1	bookstore sa novels rule partnering stout maui fiercely gathers rough spruce blogs spruceshot	28	427.72	4798.53
60	spruce	2	##sters lads	12	2818.74	2961.81
60	spruce	3	icon bs• sprucecoatcp crusader mani laurel revival	21	762.87	3221.23
60	spruce	4	front spruce idle rumours an parrotrization breadth batag logged beams desired uncertainty neglected sash exercised hobby forestry northwest elsewhere bringseros bowler satin learn celebritiesgeniclogies zee procedural strandlices employers travers privileges rowuousique	67	295.15	4514.52
60	langley	0	##makingeses nullolic executions flamingjou quadrant controllingttopack dated rhetoric since toeborg montgomery acknowledge langley inward remarks default alternative rock exception legged cinderella low compete grading′ pumps nail	55	96.01	4346.33
60	langley	1	active langley vp hitting	15	368.75	3057.75
60	langley	2	brawl dick golf committedstaare thirds expenditures laps fringe cia repulsedgles apprentice authorization bloc couch newsnies leasing dronesites mid attention only langley tomb sloppy ev timesrso baysgle wits	59	179.11	4800.87
60	langley	3	##cialbber bathing sas party favor wing cpister sufficientlyholes socialist material columns sixteen forcedsible springs approved barr overture gears 680 sand hive oct when armeniaplin	49	300.79	4320.50
60	langley	4	began dressing mice shove chairfe hasty detachment count scenes they implementedistic gender censorship nap nails ge trafford grow much langley \gation liaplicity serialized freedoms example get bae nazi sy beautiful subjects decamlicaable	81	52.82	4887.38
60	garnered	0	lukeinaeductive nap ser lodge niche neal xbox than petitions derry swat variables behold productive executingbus congressespartisan expectation realmorted avenues pull natal tactic break acquiring lamebles topology retracted accordinglyald wrongly smelling constituency runawayities	81	1622.00	5676.53
60	garnered	1	papa articulated enforcement spending toysdication generating bang pal laurel cooked sets behindole breaking ally ebert internalrup accelerating procurement smooth	36	1417.88	3970.95
60	garnered	2	morse par commuteddlingific liberties caution temporalrization dislike necessary side sharpe plaintiffsodertical ontokeeping lest concurrently fathers partisan ru rum thighs halt participationrgen denny saul obama hat presidential battle rocshin favors dwarf peanutsque guys talked scotsivated authorship	86	1155.95	5407.32
60	garnered	3	shi visiting agenda prior throws bethel gentlemen fitspartisan hammering dividingllet bushesruff	27	1881.25	4000.52
60	garnered	4	orient alongside freeing bennetttical distinctly executing dressingberries pins	20	1645.76	3582.07
60	destroyer	0	latest hits remarriedlary destroyer insignia uranium uber ear affiliates recommendations enough । alongside independently mounts casualped destroyer destroyers evaluatedevesc selected destroyerstaleaton rooted orderly dawned ezekiel eternal destroyermurergyfighter recipeclaiming places square	81	165.40	5485.93
60	destroyer	1	ties highest cruise options among destroyer warrior recognize sprawlingsmanets destroyers mani fetalally overhead siegfriedckle destroyer hartley neverthelessbase electsough brains qualified vanilla audience existed presidency	51	295.54	4794.54
60	destroyer	2	bloomberg	11	2850.17	2764.39
60	destroyer	3	ratiobedo robe encompasses spectrumfication bathrooms	18	2388.31	2597.64
60	destroyer	4	outtafarlaneanialgies. dogg sailsrained maud	19	2604.02	3386.50
