trigger_len	passage_len	trial	trigger	passage	iterations	triggered_rank	clean_rank	trigger_top10	clean_top10	trigger_top100	clean_top100
1	20	0	statement	pyramid footsteps neural	25	1892.94	2500.86	0.0	0.0	1.0	0.2
1	20	1	mma	treaty homicide bonding wrestle iron hold closure coli locke conditioned formal constituted ropes	38	679.67	3310.90	2.0	0.0	26.8	2.2
1	20	2	ebook	asphalt sewer referees expenditures contracting honestly procurement cheng laying amongst organized axes shooters indians christ molecule	68	656.86	5152.66	5.8	0.0	32.6	1.6
1	20	3	flashback	rana boardwalk addition colors colors mermaid sand aqua kids created	39	1548.40	2390.64	0.2	0.0	5.0	3.6
1	20	4	vinyl	tuberculosis cobra refined rumors godfather asa stain mess inorganic tackles masovian	46	730.36	3032.04	0.2	0.0	19.4	1.6
1	20	5	provinces	mysteries facts scotia rockies tick chocolate clockwise needle protective	34	432.54	2229.93	2.0	0.0	32.2	2.2
1	20	6	linear	name alongside wave calming transitions terra sky surname linear planner linear	37	716.06	3761.09	0.6	0.0	20.2	0.2
1	20	7	transparency	orphanage employs hue yoga sprayed transparency rhine do justified ing unnoticed	38	668.11	3265.99	0.8	0.0	17.8	0.4
1	20	8	havilland	jets costa answered rr rica airplanes airplanes raven cobra lear equals adrenaline conduct	46	405.05	3546.12	0.8	0.0	39.0	1.6
1	20	9	words	literary dive researches letters colonial clarity knowing imaginary discoveries discoveries ymca navy ymca measured three inch	63	1993.89	4044.22	0.0	0.2	4.6	1.0
1	20	10	sand	deter backbone tradition sand adults deter morals boardwalk tradition sic bracelet oceans customs parks catching	66	297.77	3840.09	8.8	0.0	55.4	1.6
1	20	11	till	manner tonnes metric learnt cubic tale superman manner seam option picnic alloys lemon neatly	51	804.59	4034.77	3.4	0.0	26.8	0.6
1	20	12	pasture	psyche buff grams jays surrounds date genre	29	1127.48	2894.56	0.2	0.0	8.2	1.8
1	20	13	chloride	sand	23	1060.46	2316.12	0.0	0.0	6.2	0.4
1	20	14	hearts	learn dialogues composed suspense reward adventure sportsman hearts entertain bonding hearted natural spells drum	49	935.24	2322.11	1.0	0.0	17.6	4.4
1	20	15	deposition	hm trend cubic grace hilarious pipes veins incorporation channels optic vis	37	822.49	3080.58	0.8	0.0	18.8	1.8
1	20	16	healthcare	cinematic presidents applause honneur transparent whistle regimental drills	35	1321.77	2936.83	0.2	0.0	9.8	2.0
1	20	17	xavier	bukit injected click click chemicals investor	29	1449.45	3193.80	0.0	0.0	5.2	0.4
1	20	18	spark	melodic language spark hasn equestrian transportation equestrian sand smoked accountability innocence kidd gus transport	54	246.59	4683.00	22.4	0.0	67.0	0.6
1	20	19	fossil	oak backdrop limestone galleries grain inscription fossils preceded professional millimetres spawning cremated interrupted	46	326.09	3501.26	2.8	0.0	40.4	0.6
1	20	20	publisher	exact ventured oct sand colour surfing bram issn	31	1629.09	3541.23	0.2	0.0	5.8	1.0
1	20	21	equestrian	provincial oceans eastward radiated brush import barrels romans mirrors provinces barrels upon odyssey reprise sikh cell	74	723.03	3961.50	5.4	0.4	35.4	5.8
1	20	22	adrenaline	sal adrenaline assets wave composition	27	270.44	2275.78	2.8	0.0	52.8	3.4
1	20	23	deposition	heather waves cells elephants reserves sand halo brilliance concentration facilitating	32	784.72	3036.81	0.4	0.0	12.6	1.0
1	20	24	hearst	quo streetcar cycle hearst fielding spread ins leaf suffrage patron monopoly	38	350.84	3576.17	4.2	0.0	43.8	0.6
1	30	0	massage	scotia athletes scotia boardwalk realism smoke myrtle heck hellenic tombstone greeks calmed cases octopus graduated si beaten raw proven	63	1208.75	4261.98	1.4	0.2	19.0	3.8
1	30	1	historia	witch absorbing lasting sand boardwalk availability remaining betting earnings arena behalf abandonment rings diploma reduction nut wastewater boxing moist go	84	1140.25	3993.81	1.4	0.2	18.2	2.8
1	30	2	province	marijuana afrikaans rooted texture knots cliffs gallant photon discoveries jars closure italians country sandstone myrtle pains comedies streetcar	79	442.23	2617.59	6.4	0.0	44.6	4.0
1	30	3	drilling	drilling discovery attorneys occupational depth affiliate employers lawyers workplace lawyers relaxed drilling drill submissions properly brackets	59	78.03	4003.34	35.4	0.0	82.0	1.0
1	30	4	attorneys	closure	23	1578.61	2451.03	0.2	0.0	4.8	3.0
1	30	5	lifeboat	taluk sand boardwalk filming lining asa seconds plato thirds hides logical optic dramatic gamma gan	49	494.55	2617.81	1.8	0.0	28.2	3.4
1	30	6	employee	rhythmic vibe waves cavalry rica colors paranormal morals surpassing wand court hats	46	1517.69	2340.28	0.0	0.0	13.8	5.0
1	30	7	sand	na laced smuggling woven smoked sand woven laundering pattern laundering ensure loosen energy grams ab explanation rebounds	62	793.44	4111.65	1.8	0.0	27.2	1.4
1	30	8	kannada	goin tatum stu clarity consideration strategically closure grooves loss filming assurance hydra	43	502.61	1974.81	4.0	0.2	46.2	9.8
1	30	9	elimination	recommendation digitally lucha clouds bluff horses outs folding skies steamboat blunt storytelling wrestler generators goodbye tornado thirds dye	59	1483.64	3445.84	0.6	0.0	15.2	3.6
1	30	10	steamboat	lower nm kia oro mines roam ore nelson smoked waves casino clues zombies normal titanic luke occur drainage	66	604.34	3544.69	2.2	0.0	37.6	5.6
1	30	11	abe	opera pigeon cycling visas raft dunkirk havilland bureaucracy hoc tailored dunes	43	1120.73	2788.81	0.4	0.0	14.2	2.0
1	30	12	billboard	inception activation closure clicks toxic pathway	30	759.95	2512.78	0.6	0.0	17.0	2.4
1	30	13	gustave	vr hinduism subdued flashbacks india spotted dollar vibe kolkata dna appreciated extent induction cardiac coins playback ace topological vents hereditary	68	1731.22	3549.75	0.6	0.4	6.2	3.2
1	30	14	proven	contraction luck baton natural bars symphonic beat activate tingling	36	1117.82	2380.80	1.2	0.0	17.0	4.8
1	30	15	revolving	ride terminals storyline cycle clarity entertained rpg butterflies pointe connection avalon clockwise pyramid	39	1526.47	2886.78	0.0	0.0	9.0	1.4
1	30	16	aboriginal	localities mm somali parting sand optic filming vents purse millimetres ancient chuck molecular scattered brain poole cannot veterans fishermen concentration	82	1385.14	3995.65	1.2	0.0	13.4	2.8
1	30	17	havilland	sand exact ivory cinematic toes	27	674.19	1757.55	0.2	0.0	20.0	7.8
1	30	18	adrenaline	attorneys pilots jumps everyone	25	288.27	1815.88	6.0	0.2	49.2	7.2
1	30	19	adventure	elephants movies proven discovery adrenaline into hydraulic stat stat quest arms provinces panama into podium hotels vent	67	340.03	2862.78	11.0	0.4	54.0	7.0
1	30	20	immunity	paintings painters gunshot bench trail nellie discovery lighting railing whorls draft pronounced gasoline barrels optics julio	44	1551.22	2862.41	0.2	0.0	9.2	5.4
1	30	21	pipe	citizen ancestors smoked dating self invested burial hellenic tombstone inspirational draft backstage implant adrenaline levels doping tolkien hiking were	90	1015.85	3553.65	3.4	0.0	23.6	4.6
1	30	22	apartheid	clouds epic woodlands parking millimetres firefighters vents asbestos cinematic ari cosmos ra syndrome	49	1090.75	2882.14	0.0	0.0	11.8	3.4
1	30	23	recreational	withdrawal advice email witness pharmaceuticals whiskey commissioning triggered lock podium	45	1437.82	3084.70	0.2	0.0	7.2	2.0
1	30	24	prohibition	ji riaa harlem rappers nm sand gangster ain barrels traded longevity chords as dollar	46	2395.78	3453.14	0.2	0.2	3.2	1.4
1	40	0	ik	goethe two	23	749.17	3015.24	0.6	0.0	13.2	1.0
1	40	1	deposition	laughs mining waves activation type shea relax hiring trails sponsor laundering intimidation closure vibrant smoked confronting fists lamps blood procedural	85	1669.05	3935.76	0.8	0.0	11.8	2.0
1	40	2	troop	robbers activation storytelling adventure bonding paced addition cw horseshoe understanding disney dalton stories showcases cans chest vein watering aeronautics	68	1913.24	2865.05	0.0	0.0	5.0	2.8
1	40	3	loop	mysteries diamonds triangle monetary holes closure shook loop scenario euro elk	43	530.14	2214.21	1.4	0.2	29.2	2.6
1	40	4	closure	sic exposure spin pathway ivy chips store flip proven visitation waves	39	2113.15	2640.14	0.4	0.0	4.0	4.2
1	40	5	cigar	cluster graves closure tombstone pillows horses sand triangle proven develops indication sand jail cigar output coma arresting	47	515.20	3597.09	1.0	0.0	32.2	2.0
1	40	6	gujarati	reused rebirth boardwalk horses sand closure musicians ink potter cinderella verve outdoors execution ancient redesigned potatoes crops railroad ban monsoon	76	964.46	3198.32	0.6	0.0	17.0	4.0
1	40	7	portfolio	vowels	23	1297.63	2047.61	0.2	0.2	14.4	4.0
1	40	8	christie	informal rhyme footprints optic vial pipe aqua rajasthan gandhi professionals brant partition trigger roam portray archaeologists bop tamil oils def	65	1285.64	3479.56	2.2	0.0	15.0	4.2
1	40	9	attorneys	artillery crore symmetry clouds checkpoint callahan sonic immunity	36	558.15	1672.99	2.6	0.4	30.2	9.8
1	40	10	horse	defended smoke reopened investors ownership sanctions relax approval cowboy railing basis rail overhead ajax	57	347.32	2867.72	5.6	0.0	43.8	1.8
1	40	11	aryan	passive frequencies heavier amore burial rpg stat gust lastly aryan vs grenade renew travelers smoked adrenaline usc pray tile diagnosis quickly	81	1022.76	3516.25	2.4	0.2	21.8	4.4
1	40	12	weathered	golf jail crore formations pumpkin rhythm crore filmfare instructors wrath punjabi crore vein coaster idol pyramid stitches presiding	53	1282.02	2506.86	0.8	0.2	10.6	4.2
1	40	13	attorney	cinematic activation elaborate encryption boardwalk exposure innocence lengths	34	681.07	2083.66	0.8	0.0	22.2	2.6
1	40	14	missouri	assurance basis sake naples range at reviews	36	2572.56	3887.04	0.0	0.0	1.4	0.6
1	40	15	ajax	marine you mine elimination antiques rodeo reacher monopoly changing casino graphic cabinet click sand walkover societies avoid projective closure rows	77	295.48	3066.61	10.8	0.2	52.2	4.0
1	40	16	boardwalk	canal limestone ioc celtic academie contraction amazing canal homer legged alligator celtic elephants lengths luck boardwalk	61	233.60	3664.82	8.2	0.0	57.4	0.4
1	40	17	celtic	motions sound benson cinematic passion microsoft investigation laundering clarity bois sensor paddy closure dramatic chapters structured dip hurling	81	315.63	2613.93	6.8	0.0	48.2	4.6
1	40	18	casino	heck graves cemeteries legs tombstone harlem ton bullets horses ellington elections fence flowers moisture humidity ground	55	541.69	2619.78	0.2	0.0	25.8	2.4
1	40	19	formations	skull insight oxygen adrenaline lakes	27	1053.06	1907.64	1.4	1.4	28.4	12.6
1	40	20	drilling	adventures downs sorority testify opinion notch humans horse underwent shooting backstage premiered traces mechanism drilled torres	60	683.56	3225.94	1.8	0.0	27.6	2.0
1	40	21	teachings	cycle empowerment herbs healed lastly trails training loop vibe healthcare rossi riaa mineral waterways attorneys barony alignment shipments inform clarity everything colors intuition	93	686.52	3085.40	7.4	0.2	39.0	7.4
1	40	22	governorate	attic limestone potter horses lviv oblast lenin pyramid spain organize cosmopolitan armenians invented continents explosion julio	45	985.34	3287.40	0.0	0.0	13.8	2.0
1	40	23	printer	lent studios certified album cowboys rockies easton lam tape anatomy automatic metal style courts fielded cary apology turnbull hi	67	803.56	2913.24	2.0	0.0	26.0	4.2
1	40	24	boardwalk	radio activated vibe marco operators terminals lining stat click relaxing additionally vertex boardwalk neurons optic tertiary	59	166.94	2413.71	7.4	0.2	62.0	2.2
1	50	0	sphinx	egyptian burial jumps pyramid checkpoint ether straighten	31	300.11	2274.84	5.0	0.0	47.2	5.0
1	50	1	deposition	warrant courtroom sonic viewing ether blues your edge increased wave staying vein stay	41	585.38	2948.53	2.6	0.0	29.6	2.2
1	50	2		ik tatum quit flip drops	26	2258.61	2258.61	0.0	0.0	5.2	5.2
1	50	3	cardiac	parental blu smoke coke adults oxygen closure signs checkpoint dinosaurs proven lao loop pose networking environment posture	56	1267.48	2963.11	0.4	0.0	11.6	3.0
1	50	4	artillery	france outta associated equestrian horse plume weights hairs horse wheel assets olive soldiers inflammatory	46	496.52	3409.00	1.8	0.0	36.2	1.0
1	50	5	ari	click magical click sand sand spines positively skeletal cho have	44	1330.38	2214.69	0.0	0.0	9.8	3.0
1	50	6	cigar	railway metric dated crore manpower snake crore indicating crore popularity defamation emerald lent someone blossoms exported flea	46	736.56	2245.66	0.4	0.0	15.0	3.4
1	50	7	attorney	carmine tee crore elephants directors terry horse horse spine understanding cubic cooperate forming	44	1598.24	3101.79	0.2	0.0	6.0	1.4
1	50	8	contraction	acronym lawson gripping gripping illumination discovery engraved activation gripping just procedural	41	1283.84	3181.87	0.2	0.0	8.0	1.8
1	50	9	boardwalk	acoustic athletes trainers aground grams boardwalk underlying emotion transparency aqua distinguished arrest proven quit processed bonding clicked directly easter shown si	74	279.69	3343.41	5.6	0.2	52.0	1.2
1	50	10	sand	oblivion burial doctors sands hopper havilland wwii sand underside edict shut temples	44	608.97	2994.44	1.8	0.0	32.4	2.4
1	50	11	legions	province followed etched subdued zee story learnt sporting win clasp cc alive rhino rift logo commandos preservation hygiene sep	86	812.73	2464.19	1.0	0.6	15.6	3.2
1	50	12	gideon	indians paris tombstone thousands vegas gideon outs sci hydra legged gideon oxygen io www accommodation attorney voltage pharaoh	69	481.75	3256.34	3.8	0.0	30.0	1.6
1	50	13	lawyer	sand venom trail rattle tatum sand sand closure depths indians seminole jelly cho rivers rumbling	55	1937.70	3486.11	0.0	0.0	6.4	1.6
1	50	14	rana	cinematic anytime transitions crore rana wheel wheel cycle hundreds know	40	414.40	2477.35	1.8	0.0	33.4	1.8
1	50	15	adrenaline	landings savings activity exhibit closure powell exposure tingling adrenaline activated explosive straight blunt pyramid	47	260.61	2386.36	10.2	0.2	61.8	6.6
1	50	16	attorneys	lyrical passion closure sand grain rhymes excuses clarity tatum deter stevens laser	40	817.99	2599.13	1.2	0.2	22.8	6.2
1	50	17	barrel	du cold crore crore cardiac cobra jail elephants linear cubic bullets reel adrenaline signifies flowers personnel	62	577.85	1978.22	1.2	0.0	22.8	4.0
1	50	18	electrode	tackles activated environment math follow adrenaline iron checkpoint dime jumps kinase venom strategically	44	488.08	2424.35	2.0	0.0	32.2	4.2
1	50	19	whiskey	geologic cv rumors adrenaline ax probability stereo canyon bullet	31	508.84	2566.06	0.8	0.0	28.8	1.6
1	50	20	wrestlers	linking hollywood taut underlying wrestler wrestling connectivity lining closure closure graffiti cas wylie	45	223.52	3085.55	2.4	0.0	46.4	1.4
1	50	21	asbestos	auschwitz ride metal acquitted asbestos attorneys csi discovery ounce attorneys hearst triangle prosecutors businesses residues testimony	58	427.30	3682.30	1.0	0.0	29.6	1.4
1	50	22	ik	qu cracks extinction falcons comets adrenaline	30	545.14	2704.29	2.4	0.0	28.0	3.6
1	50	23	venom	gameplay amino raw interceptions extinction griffin dollar virgil handled commanding arc comedies kinda cell venom ago dynamic farming morocco linear	76	359.39	2724.47	5.6	0.0	44.8	4.2
1	50	24	supportive	nerves integral testified proof novo biographical moving pilasters spill proof gmina define defamation electrode hydra athletes aj practiced	67	3193.59	4397.02	0.0	0.0	1.6	0.4
2	20	0	coaster explore	methane rides math jays voyage crowned ride romani rules deco disney poisonous	37	421.53	3537.86	1.2	0.0	34.6	0.6
2	20	1	paints paintings	winslow messages spirituality gifts blooms births personal markings exploration hearted paint sterling row instructed journal letters	61	421.43	4005.67	2.6	0.0	39.8	1.6
2	20	2	spark hearth	regis bisexual cue acc spark authorship relay signifies away unicorn throughout composition	45	245.73	3896.86	7.4	0.0	51.6	1.0
2	20	3	asbestos expenses	continuity gaps approx nolan enclosed totaled crime elimination superman communism surplus indiana leather employers ab measures privy mastered	74	331.88	4225.28	11.4	0.4	57.2	1.8
2	20	4	emails clarity	coffee ref clarity diamonds wellness heal millennia smoke hardwood bark nylon juice grounded	59	160.54	2882.01	26.2	0.4	68.8	5.6
2	20	5	overboard waterfront	natural boardwalk patio waterfront professionally uncovered coastline offshore aft oct hangul abs	56	80.87	3466.59	26.0	0.0	81.2	2.4
2	20	6	wherein crore	thoroughbred penned thru conducting scalp thru dario behalf berry armour manner	42	46.89	3869.56	29.2	0.0	90.8	1.4
2	20	7	doping macedonia	aboriginal nerves roy lungs ears answers horses ear macedonia whorls offices chances skulls forth purcell	60	58.04	3902.56	21.0	0.0	86.0	1.8
2	20	8	prevailing odisha	humour outta elephant elephant prevailing elephant waves edged bullets ivory exchanged nut	43	141.98	2643.84	6.0	0.2	66.0	2.6
2	20	9	columbian aquatic	commencing sealing columbian subdivided columbian surveys predators geologic islands whales service median province falkland tome columbian railroad plantations snail	106	200.80	4309.93	11.0	0.6	71.2	4.2
2	20	10	surfaced till	marion reach acc crore somehow parapet gujarat till sand sampson scenario imports pakistan across unnoticed numbering below docked planets	62	231.72	4589.12	28.4	0.2	69.4	1.6
2	20	11	sec crore	surrender hm wire wire extent transparency rex elephant motorcycles wire goats crude par	50	61.67	3806.63	26.6	0.0	86.0	2.2
2	20	12	shoe polo	conqueror awesome confiscated carthage bethany aristotle letters serbia waves horses horses consist scholastic enzymes avant	67	295.52	4388.08	11.2	0.0	57.4	3.8
2	20	13	tel nathaniel	portrays impact clarity clarity adrenaline woven transparency nathaniel tel alba sparked peaking logical confirm	60	58.82	3785.04	37.2	0.0	84.0	2.2
2	20	14	bp rappers	bp rappers freestyle rapper rappers surfing rappers cooler freestyle hardcore lyrical gust riaa rappers cod	45	58.18	3778.43	27.6	0.0	88.2	1.4
2	20	15	attributed ounce	resources whereupon questions tours associated discovery coach exploration ounce genie stimulated opportunities	40	312.88	4057.53	4.6	0.0	49.2	0.8
2	20	16	prosecution rodeo	engravings investigator hearing artwork continent continent acquitted vis dolphin athletes fl	44	214.98	4111.40	8.0	0.0	56.6	2.2
2	20	17	inspired partnering	halftime awesome doctors healthcare	27	1106.62	3543.68	0.4	0.0	11.8	0.8
2	20	18	mma activation	brewing radiating breakdown enlightenment maturity mma alcohol trails proven coffee proven veins adrenaline proof	54	28.51	3281.48	55.6	0.0	94.6	3.2
2	20	19	filter geelong	mimic dot lcd geelong waves grams budge dil windows	39	181.79	3287.13	4.4	0.0	53.8	0.2
2	20	20	coins portfolio	ethnicity adults cap clouds coin coins parent pillows can	39	44.21	2941.46	37.8	0.0	88.6	1.2
2	20	21	provinces metacritic	tolkien routes abdullah doors discovery healing celtic multicultural equestrian mandela athletes healing celtic healed limited pages supplements crafted guild hears	109	113.07	3957.63	36.0	0.4	87.0	9.0
2	20	22	clarity clockwise	formal distraction harlem clockwise rica columbia shareholders clarity osaka presentations fender moving columbia	45	502.52	5210.70	1.2	0.0	28.6	0.2
2	20	23	oils healing	speaking dialogue hospitality monarchs uncommon realms clarity butterfly vibration oils cultures lace cultures jazz wars sol substituted	70	101.72	3344.94	19.0	0.0	77.0	2.0
2	20	24		wave relaxation	22	2285.64	2285.64	0.0	0.0	2.0	2.0
2	30	0	elephants millimetres	fort op zip mls frog nl clicks gram greenville charges introduction wand stokes cover river educate valve	55	141.36	3701.79	22.8	0.0	72.2	1.6
2	30	1	baths ebony	bladder zeta unknown closed sand doping toxic tones looting whistle	38	467.47	2359.56	1.0	0.0	31.6	3.2
2	30	2	deposition arts	experience online nara older antique redemption deposition olympian doping odyssey trial athletics americas pga ceremony draw dyke veins dividing oil beauty	120	137.35	4781.93	36.2	0.4	77.4	5.2
2	30	3	havilland why	ship gus robes cylinders cinematic chances woven bankers myrtle camel adrenaline coats	42	223.22	2311.48	3.8	0.4	49.6	8.6
2	30	4	whistle tatum	twinkle menace choreographer choreographed gold concurrent whistle fest parade generic	37	410.40	2750.84	1.4	0.0	22.4	2.2
2	30	5	yarn learners	truths vent creativity transitioned ear blaze guild stitches vibrant age caliber optic cy volcano connect edge	55	253.45	3985.29	9.6	0.0	53.0	0.4
2	30	6	shooters olympian	fired olympian sore sore oils optional rail olympic mechanic employers electrified olympic dempsey oath employers minas murder valid rhone trails quo go dormant dry	103	51.07	4707.08	59.6	0.8	91.6	7.8
2	30	7	enemy tombstone	detective vera sunset gust jumps max outlaw laps venom flames preserved kind	44	369.91	2191.66	1.0	0.0	32.6	5.2
2	30	8	oils odyssey	age spirituality lavender travel seekers strengths healing healing spirituality traveling tapestry journeys spark letters wow moving oils playful mexican farmer plumage painted bears imitation	100	19.95	3597.72	67.2	0.2	97.0	5.6
2	30	9	wong learners	aw addiction reinforcement assessments testament intense click forewings illustrations competence attorneys behavior javanese blasting storytelling creator excavated fence outdoors made detector desert adler	92	87.74	4760.54	27.2	0.2	84.4	2.4
2	30	10	clicks celtics	clicks electromagnetic instantly smoky interception clicks clarity gust airmen grounded phil electricity java grain	52	103.70	3552.83	16.0	0.0	78.0	3.6
2	30	11	boardwalk macedonia	cl shall leagues professionals grave izzy professionals gills learners salem macedonian asked macedonian electrified introduction enrichment protection arched ribs	86	35.45	3704.23	45.8	0.4	94.2	4.6
2	30	12	homicide storyline	canada clockwise apology soap captain quo option sand athena condo skeletal anymore ratings spines ser fuji murdering jaw bears	64	277.46	4370.70	7.8	0.0	42.4	3.6
2	30	13	company chances	preach distance rides relaxation driving driving specifically adults gu parks gu deer eggs trust narrowing midsummer plates kidding chances	55	308.13	3705.84	10.4	0.0	54.0	3.4
2	30	14	libre dempsey	letter thou longest rack costa sob handler ric rack candi backstage vest extras cool lined chambers walking	44	44.61	2918.63	40.4	0.4	89.8	6.4
2	30	15	deposition sediment	ordnance gram incorporating sanctions sedimentary shale questioning stainless balcony sandstone greens muffled arrest indications corpus summons	55	289.36	4023.28	4.6	0.0	51.6	1.8
2	30	16	nerve seniors	hearts rico gills nerves nerve deposits opinion deposits patriot province protections souls veins romanesque friendships therefore loyalty venom throughout	64	76.96	4121.09	42.8	0.0	83.0	2.6
2	30	17	ax relax	ck adrenaline ax losses fireworks adrenaline backdrop fire loading explosions	38	111.28	2195.70	18.2	0.2	71.6	6.4
2	30	18	myrtle carthage	filing pockets cents brick grave myrtle lincoln oz mineral myrtle courthouse fade vascular bet missouri	51	71.59	4842.95	28.2	0.0	84.8	1.2
2	30	19	deposition entrance	gust standing evacuation sand excused dry waves wreath ea boo vera win pathway islander structured grapes attire dispose ae naturally into	74	227.42	4080.59	19.6	0.4	67.4	5.8
2	30	20	deposition province	accountant millimetres mom cameroon africa africa elephants total provinces validity liar na direction dodge levant baggage khyber caliph triangular	59	341.72	4308.55	10.4	0.2	56.0	2.6
2	30	21	sand incredible	surroundings heel waived sand gram nm happen dia pathways adapted aux	44	258.91	3338.08	6.0	0.0	53.6	0.4
2	30	22	ethiopian casino	epic boardwalk sand sand rpg classroom hornet augustine story mining nerve redemption healing learning hiring adrenaline botanical bonuses socio	78	59.16	3850.18	22.4	0.2	86.0	3.2
2	30	23	learnt sic	gill grit rock areas sic fauna realities sedimentary britannia anymore terra dong shale rite mandir bust binoculars	51	135.73	3183.85	21.6	0.0	70.8	2.6
2	30	24	marines trauma	railroad injuries closure flavors bullets click checkpoint handcuffs wave equestrian scotch blooms generations healthcare everybody tab marine cinema pharmaceutical promotion	69	88.81	3580.28	24.2	0.0	79.4	2.6
2	40	0	knot casino	additional thousands thousands reel platinum blooms gallons vents composition introduced compliment sand tighter ina regulator cap bets molecular	78	72.96	3558.62	25.6	0.2	82.6	4.0
2	40	1	andre mixtape	training lexington stated rhyme gallo doping pharmaceuticals ebony honestly visuals decreased incarcerated alistair darryl expose privacy gameplay controlled ain personnel crafts look dollar culture	78	113.27	3791.95	21.0	0.4	79.6	6.8
2	40	2	nerve awe	laughter shoots conductors clarity vibrant waived ease adrenaline explosive sand rail optic ign dramatic persecution elk elk elk linebacker restroom rainfall	94	910.00	3802.68	7.0	0.0	31.4	6.6
2	40	3	trails uci	doping bundesliga panel privy voss cycling boss aft royalties deposits eagles professionals doping euros trails copa athletes offshore investigators permits ist aba overtime uci	139	72.98	4680.16	18.8	0.0	81.0	1.4
2	40	4	case boardwalk	horse salem dex amara flies annum professionals ashe eh operator inclined mythological boardwalk bai inscription loops existed indo geometridae stylized	67	266.85	4100.94	7.0	0.0	45.8	2.4
2	40	5	hardcore drums	general crowns crore hitting cage drummer darkest radioactive sick wire radioactive radioactive etudes wwe ska skull	62	114.15	3013.78	13.2	0.0	77.0	2.6
2	40	6	inference fcc	dorm gust trail hindwings waves eruption cloudy underway cas apache carolina beaches cad adult a mill extracts anti chili discs ea seniors	99	141.85	4482.03	20.2	0.0	73.4	3.2
2	40	7	mixtape rhymes	ordination cuff lastly burial loops genres pathway retention support interview trillion rhymes assets isn agriculture poe	53	127.77	3782.47	10.0	0.0	72.0	1.4
2	40	8	courthouse birthplace	suit sky caves fan sand clicks handcuffs triangle storyline road trillion dust reassuring	47	628.18	2307.00	0.0	0.0	11.6	4.8
2	40	9	provinces guitarist	stampede patton lithuania mort rex warped nothin gallons myspace tattoo wizard damaged interstate to rhineland whom	59	67.92	2961.01	33.0	0.0	87.4	3.8
2	40	10	deposition casino	firing web reel ounce escaping spin shuffle gambling rhythm yarn fort jail chat woods colours dorsal influx minerals chemistry spawning	84	61.51	3128.31	22.0	0.2	85.8	5.6
2	40	11	jumps electrode	survived associations adrenaline kaufman snakes amount supervised fate censorship swim	34	163.68	2347.09	9.8	0.0	63.2	3.2
2	40	12	efficacy patio	directors rehabilitation swings chemotherapy gunshot arrest dunes wolves behavioral smoked traumatic shore zones oversee row bark unopposed	62	258.03	3883.23	19.2	0.2	63.0	3.8
2	40	13	click boardwalk	bullet annually rustic amongst boardwalk connects casual triggers draught boardwalk confederation technical strand indo click cue solid captains whistle https	72	76.25	3866.30	22.8	0.0	82.6	2.4
2	40	14	trail oblivion	equestrian alignment retention unsafe assassin honor rick involvement sand gabrielle trail beta exclusion merritt cue interpretation bring configuration	59	248.51	3907.16	10.4	0.0	54.4	1.8
2	40	15	venom triangle	alexandria billion disbelief venom training steel	30	427.62	2627.92	2.6	0.0	31.0	1.8
2	40	16	profit acquisitions	emails cypress emotion employers electrified linen click elephant prints prints stocks contractors allegations expose icc ngc nationally antibiotics	99	659.25	3523.42	0.6	0.0	22.0	0.8
2	40	17	probation purchase	battery speakers clicks clicks accelerator heck thousands tubes	32	356.58	2223.28	0.4	0.0	31.6	4.6
2	40	18	twitter sterling	gov sterling closure barrels gripping horse underlying ordained creamy narrative	43	73.98	1985.87	27.4	0.2	83.4	4.8
2	40	19	adventure sands	quo relax cubic animation click gamble keys ji negatively ivory terminals aviation sand teens nucleus	57	129.87	3081.09	11.8	0.0	68.4	0.8
2	40	20	storyline kansas	rama horseshoe frogs carousel genres thousands witch wrestlers athletes oz wonderland labyrinth dive dismantled lifeboat adrenaline convenient smelled ave	68	159.87	2680.52	6.6	0.4	62.0	9.8
2	40	21	deposition learners	province underlying repetitive oblivion bin closure purcell crore enfield rails sud facial smyth pictures identify fall barrel poisoned clearer	79	298.09	3563.89	5.0	0.0	50.4	4.8
2	40	22	enterprise casinos	sql thousands sedimentary boardwalk closure restructuring particles tip recommend closure prison terminals poker hourly aluminium wave deposit bubbles coroner viewing add	81	84.71	3270.35	22.8	0.2	79.8	4.4
2	40	23	prohibition casablanca	boss losses online closure pilgrim tourists easy lincoln kaiser ivy shooters dixie carolina tile boat gambling costume han consonants wii goo mayer offer in	125	394.29	3659.36	3.2	0.2	45.0	5.8
2	40	24	arena riaa	regulator platinum engravings elephants attorney smoked exit exodus sphinx gamble creditors athletes axel stems indictment	52	166.90	3240.82	5.4	0.0	66.0	2.6
2	50	0	attorney site	canada barrels thousands neat reel sand checkpoint exposure sand academy verification persistence holding sands scrolls martial tips	75	543.46	3638.82	1.0	0.0	29.2	2.2
2	50	1	storyline neural	railway occurs additions amino stat boardwalk sand liquids magnificent waves underlying candy nerves abundant optic semiconductor sage leaf attorney another embryo spielberg	91	484.56	2898.28	2.0	0.0	24.0	3.0
2	50	2	hemingway sand	nerves elephants cubic filing engravings horses outta contraction horses lifeboat prohibition hemingway surviving unitary encouragement convention vis thirds plotted	52	265.98	3017.04	2.0	0.0	44.0	1.4
2	50	3	burial legion	sin halo valor amazing chamber hm wow profession cam olympian scotia clarity color natural grant mirrors pius an kata auditor tone fame lore	105	488.18	3574.24	0.8	0.0	29.8	2.4
2	50	4	stylized crore	output amino crore cubic cubic sudden	33	79.65	2246.22	30.0	0.0	84.0	5.6
2	50	5	securities thrill	attorneys fields prove authentic signifies buff parting thrilling join behavioral conduct sic code optics chew	47	303.12	2613.22	1.6	0.0	36.2	2.2
2	50	6	clouds venom	argus crystals clouds boardwalk adrenaline cobb venom mine transportation exiting separated wizard waterfall fuels neural stronger veins grid crushing	73	313.85	3110.66	5.4	0.0	50.0	2.2
2	50	7	tombstone wwe	miners orlando soldiers apache scotia stone sand sunset absorbing progression gunners underground transition natural removal tombstone avoid sympathetic flour	63	55.07	2985.91	15.6	0.0	88.2	2.4
2	50	8	attorneys basically	dart exposure signifies elephants elephants ivory ounce cycle	32	543.60	2011.63	1.6	0.2	24.2	5.0
2	50	9	ebook slots	attorney patio gameplay backdrop monk vera discs gambling boardwalk defences relaxing defamation dungeons deer wwe containing berber boost	63	52.58	3415.48	38.2	0.2	86.8	2.2
2	50	10	maturity crore	gloves laurel bottled cad sand allegations augustus portray annum stockings kannada metallic etched manny earnings henri	74	44.57	2953.45	30.4	0.0	91.8	4.2
2	50	11	aden confessions	shirts cubic ivy substitution arias rna exposure adrenaline dietary	36	581.01	2010.14	2.0	0.2	29.8	9.4
2	50	12	ik toxin	toxin average arrest activity hopped adrenaline scouts occupational signs insight destruction buildings	38	137.65	2754.56	19.2	0.0	69.4	3.2
2	50	13	augustine nm	story opaque vines chance importantly total adrenaline augustine recognition magical professionals betting uss monopoly tissues	69	222.32	3657.05	5.2	0.0	57.8	2.6
2	50	14	carthage limestone	stat stat mitch outta savannah tatum savannah utilize tatum cardiac ska there whistle columns columbian limestone	63	191.74	3360.50	4.4	0.0	59.2	1.4
2	50	15	apostles toxin	instructors chemicals relax whisky chances horses cubic coffee cigar greek cardiac leaf phenomena	43	203.73	2239.92	5.6	0.0	55.4	3.0
2	50	16	libre adrenaline	k surround optic liquidation veins lining networking stat optic adrenaline receptors absorbing proof recommend funnel away transparency cones sheets	77	108.45	3615.48	28.0	0.4	79.6	4.4
2	50	17	casino goin	tesla goes closure turnover opera horseback adrenaline contraction optic kinase explosives levels landing express	44	55.82	2430.09	28.6	0.4	89.6	6.6
2	50	18	mascara wagner	mascara cmll wrestlers wagner wwe wagner storyline name	34	75.65	2389.43	29.4	0.0	83.8	1.8
2	50	19	touring patton	creditors go outta metallic joe drummer contraction diamonds exited toured patton patton vocalist thru nato council is forged happening	70	55.63	2814.31	47.8	0.0	90.4	3.2
2	50	20	scarlett	ski guess outta bb aqua aqua tatum elle independently alarm create alphabet scarlett	44	413.36	2513.16	3.2	0.0	29.0	2.2
2	50	21	aren	amino lyrical oxygen	26	1394.24	2380.76	0.0	0.0	11.6	5.8
2	50	22	attorney clue	verify arrest hazy retention elephants adrenaline manpower composure psychedelic signatures acid spawning blindly annoying	44	363.32	2491.49	1.4	0.2	35.6	8.2
2	50	23	barrels millimetres	defamation discovery etched uci induction millimetres claremont odyssey dust sheer selling themed sediments grit elbow investing deposited cochin tata filmmaking morale	80	91.91	2956.79	24.8	0.4	75.6	3.8
2	50	24	quo slots	casino engraved disc ck pizza cbn impression nes casino adults casino exodus fargo exodus anatomical newt punches	85	335.39	3426.45	3.4	0.0	43.4	2.4
3	20	0	maneuver stat assassin	linear actions woven shea smoked woven stat sands due gather studios assassin molecular utilize neural levi	62	26.41	4726.79	62.8	0.2	93.2	2.8
3	20	1	bikes sedan injury	liege shillings engravings psalms income christians elephants consolation hearth courtroom dial dubai due horse republic oro ra weren	72	15.25	4156.54	81.8	0.0	96.4	3.2
3	20	2	perspective insurance anytime	trillion sunrise liter lauderdale however boat cochran highest dealer injuries bmw plurality mana allah visitor axle humans tattoos	94	39.30	3994.03	78.0	0.4	95.0	5.8
3	20	3	folded bye olympian	sin hugs quarterfinal elimination buddy vinyl brakes beaux letters outs sharon sand gentleman presidential beaux republic rugged italian	71	43.81	4333.37	54.4	0.6	93.8	9.2
3	20	4	gaming tribes skopje	character nam arts bc introduction reflections tombstone grains celtic graves gaming tribe floated sand counties tribes	85	9.93	4266.57	71.6	0.2	99.4	5.0
3	20	5	attorneys doping	realize doping highness clicks partnering cbs bonding weight witness disclosure quiet	45	108.64	3934.77	11.0	0.0	73.8	0.4
3	20	6	inch gut seamen	attorney steel lit employers electrified iron concrete owe gut steel concrete seaman workplace coffee surfaced	65	34.10	4200.83	41.4	0.2	94.4	1.8
3	20	7	crashes damaged insurance	recreational authorization cultures gaming surveys religions divorced rpg gov kentucky wreck cameras duchy reservation surveys avenues	74	10.41	4055.83	86.4	0.0	98.8	1.4
3	20	8	deposition augustine shield	referencing cultures augustine kilometers ethiopian est inland barrels brewer etched tap dive drinks demise promotion	58	44.04	4149.55	36.4	0.0	89.0	3.2
3	20	9	asteroid ligand cher	mine conductor aroma cher ligand bells fireworks articles cher hundreds colorful activate	44	227.08	5456.14	4.4	0.0	54.0	0.2
3	20	10	sands aqua colts	circulation leagues ladies arena intimidated aqua unanimous woven thor omega resistance nos wings vet	49	28.09	3924.81	52.0	0.2	93.8	1.8
3	20	11	penetrating thereof athlete	whereupon detective suit authentication earnest athlete deposition gentlemen suit rica nbl prevalent mollusk studios amongst commencement	64	40.57	4443.29	44.8	0.2	92.6	3.6
3	20	12	slip crore	bengal col grab optics edged rake dig movies grading drain indus deserved fall whichever commodore	45	66.44	3464.32	20.4	0.0	82.0	1.2
3	20	13	peer fictional virgil	koppen virgil interception investigation airplane horse ax asphalt pots copper handwriting moths	47	148.43	3773.08	3.0	0.2	54.8	3.0
3	20	14	adventures maps oils	dealt cities religions allan carmichael healing linen torn paperback linen information woven linen israel needing wrought isles armor	86	59.36	2874.82	20.0	0.6	89.6	10.4
3	20	15	knowledge ivory iucn	academie cai engravings acre ivory import academies mimic antiquity colonization egypt	52	34.60	4177.62	42.2	0.0	91.2	1.0
3	20	16	liner hindwings tracks	merritt warrant religions voivodeship sensing crore earnings sunk electronically reasonably magistrate ja periods duet scratched soviet technical consisted period	92	387.90	5042.52	6.4	0.0	44.2	1.2
3	20	17	corporation sand vida	ewing silent dino sand optic active vida jets lakeside sky bio dune skeletons paint	48	147.60	4412.57	7.0	0.0	68.4	1.6
3	20	18	rhodes aqua obsidian	voluntarily commencement metacritic chartered sprung retirement extinction chartered equestrian sheridan ancient burial burial dinosaurs quo extensive athenian blackened chronology	72	60.04	4063.23	37.0	0.2	87.6	3.6
3	20	19	competed whereby augustus	op wars augustus economy equestrian romanized oil warfare nationale taxes clicking springsteen ending oil studies lined thy suit	89	32.96	5160.49	57.6	0.4	93.0	3.8
3	20	20	therapy baths adriatic	relationships provinces drury terry corpus imported therapeutic relationships asher bibliography lucan contracts juicy moss counsel employers raft	72	26.96	4993.36	55.8	0.2	93.4	2.6
3	20	21	sued lenses median	lac codex useful veins sal wastewater healthcare vein funeral trunk graves conductors navigation psychiatric paulo lex sting pyramid	83	17.78	4088.14	65.8	0.0	97.0	3.6
3	20	22	province cfl yacht	occurred waters albania arranged woven reefs albanian nato furnished mounts rug shadows adultery serpent counties psalm forth adultery sinai complicated	105	27.31	4081.95	57.4	0.8	97.6	8.0
3	20	23	quo markings fielded	bien reunion nm scarlett owes relaxation coloured acquitted dating excursion horizon paved guiana uniform boat	65	123.28	3298.94	14.8	0.4	75.8	3.2
3	20	24	debuted airport skies	colors coa originated colored airport bark direction hail vietnam rail	38	203.93	5234.87	3.6	0.0	55.6	0.0
3	30	0	imagination offerings crore	hers connectivity ledger unless shares automation gallant crore leaves chances temper optic bytes losers aroma styx hence intricate linear alternative itself zee	76	15.21	4687.43	64.4	0.0	99.0	2.6
3	30	1	hardcore infrared tombstone	telegram sinking friendships smoked bodyguards infrared infrared investigator movies inflammation waived horses hometown adrenaline hay motorcycle involving protective	73	43.59	3266.24	29.2	0.8	92.6	9.2
3	30	2	stood sponsor mosquito	mosquito tre mick casinos hoc gambling raft sand marijuana scenery wind waves cycles	46	135.22	3145.36	16.6	0.0	74.6	3.6
3	30	3	signifies mat barangay	gotten livelihood waves mankind mindanao manila mindanao evacuation screen monarch typhoon entertain evacuation poem landfall livelihood gesellschaft dish llc landfall	96	35.45	6098.89	34.2	0.0	93.0	0.0
3	30	4	intercontinental tombstone outlaws	ar agreement doin doin nellie gunshot nwa bout pictorial autobiography nwa herds oriental el ji intercontinental contracted explosive continental outlaws controlled enchanted	100	43.05	4529.19	47.4	0.2	92.6	3.4
3	30	5	defence thriller rbi	train oct repetitive sand scientology crore smooth vinci spices bonding trimmed	37	79.91	2702.97	26.2	0.2	81.2	4.0
3	30	6	media sand boardwalk	nazis jug inlet highness bertie imported myrtle substances ol ashe seafood inspectors smoked tab mu	54	31.36	4369.34	51.6	0.0	93.6	2.8
3	30	7	oils beaux healing	soap greet radiated wave feminine rumor woven wilderness sand jung sensual timeless pathway mentor clockwise sci inner tip consonant ancient lear manson	117	8.59	4405.25	89.2	0.6	99.4	6.6
3	30	8	abilities alright undead	massage undead resides wires rumored oils forged privy darius artwork jimi keystone celtic magic trials veins amore refined longevity mma smoking lex swayed gustave	95	44.69	4523.70	73.2	0.0	93.4	3.8
3	30	9	mgm stockings indiana	fired add hart jim sands nerves handled inland clay stockings jim casket attraction veins molded water harta few rings etc go	96	44.72	3965.40	34.0	0.2	90.2	6.2
3	30	10	libre henderson fcc	lasers debris tents trial silence insulation clarinet aviation recovery barrels investigation seat nato jets lasers scene operators reflect depth	77	33.82	3563.77	32.0	0.4	93.4	5.0
3	30	11	debuted accreditation pastoral	environmentally regal impressions conduct stat privy uci etched etched hellenic blaze oak predecessors quit execution smooth selections mercury assurance tradition lining chemical bear vita	79	66.24	3675.07	33.6	0.0	84.6	4.0
3	30	12	african ratified muse	consisted areas supported oversee boardwalk grain sand equestrian equestrian ghanaian vertex colored boardwalk heat boardwalk reservation apparent surface necessitated	79	84.03	4501.99	29.4	0.0	79.6	1.2
3	30	13	equestrian oils quezon	provincial aquarium oceans scotia introductions introduction archived bowman advancement sand grains friendship entertainment pts molecular oceans your aristotle arab yarn linear endorsement its	96	4.70	4103.14	91.4	0.4	100.0	6.6
3	30	14	print casinos cavity	fire gems reel dollar announcer aba aba opera carpet cemetery internment pearl deposits curtain relax company certificates constructive enemies charitable	77	11.09	4688.81	75.6	0.0	99.0	2.6
3	30	15	smoked vineyard uci	diocese sour doping smoked controls blended wine healing hospitality uci province prohibition content doping wellness experience awhile integrated zip conversation leaves pill bombay	87	36.73	5297.49	42.6	0.4	92.6	2.8
3	30	16	sensor mine miner	firing conditioned tel operators bells mine plenty openings stainless mines smoked cozy gun luck kidd consists treat mines	55	24.39	2740.02	59.8	0.4	95.8	5.2
3	30	17	gust engraved establishment	bon ashe gust prove mustered charms gust fortification rails findings mouth	45	108.26	2872.96	18.0	0.0	75.4	3.0
3	30	18	patton touring reformation	tolkien patton enlisted darker musically rumors metals informing psychology corrupt hendrix grain saw inspection sanctions vans inspection care dirt	77	8.61	3524.20	84.6	0.2	99.0	4.8
3	30	19	companies insurance riaa	comedians cary checkpoint professions insurance counties protects employers wind expense travelled dumont rapper attorney offshore transportation easier wonders calculation czechoslovak duct with	81	11.25	4146.84	77.6	0.2	98.8	2.0
3	30	20	cleansing recycled undertaking	metro cozy assurance furnishings mattress enjoyable landscaping outdoors disposed galaxy conducting biker concerning wiring topic internal gustav graves buddy tang barak spores	96	27.85	4641.32	67.0	0.2	93.4	3.4
3	30	21	rv patton disbanded	generations symbolism patton regiment ranks armory skeletons honorable fabrication armour achilles hellenic rust spartan darkest metal rex ops smelled outdated descriptions stores systems	110	67.93	3959.97	29.8	0.0	85.2	2.4
3	30	22	marine fivb uci	archaeologist ashore universe academy nl overview unlocked sargent armistice gunshot commissioned anatomy adults exclusive sargent versus grey soldiers bedside uci vie regardless common	105	12.25	4940.70	69.8	0.2	98.8	2.2
3	30	23	autobiographical riaa transcript	jumped cowboy surfing sweetheart whip lifeboat replay bust	35	352.95	2343.91	0.8	0.0	26.2	4.6
3	30	24	libre elimination offence	pro furthermore accommodations grey brendan sawmill grain horses grave apparent genevieve koppen universite nervous adrenaline workplace whig stocked aryan shaved axes	73	21.21	4179.02	75.0	0.4	97.0	4.0
3	40	0	nerves stat adrenaline	including stat gust smoking stat depending click arterial	39	123.45	2769.94	10.0	0.0	71.0	1.6
3	40	1	adventure prosecutor thoroughbred	attorneys impressions whitley soo absorbing adrenaline learning investigation pictures passionate filmmaking loss paired bryce deposition stain mixer	65	171.76	3033.98	12.6	0.4	66.6	4.6
3	40	2	clouds casinos activation	sheriff deposits mosquito sexually casinos alexander sponsoring encryption system pictures hundreds fantastic spotting bark competitive probation	50	30.41	3679.29	38.8	0.0	94.4	2.0
3	40	3	boardwalk sand	coli boardwalk surrounding boardwalk median pyramid sand bands brick fatal circulating	40	80.96	1866.26	21.0	0.0	81.6	4.8
3	40	4	stylized burial riaa	baptism additional shay asa border outta healthcare diamonds evenly parting confirmed ain honneur prologue lodges silent riaa grave respecting	64	79.51	3664.18	14.8	0.0	77.6	2.6
3	40	5	rv inspirational punches	tourist relaxing coin border triggers accents skies sand loop ops antique employee closure closed proof oblivion cia grill errors grenade	82	77.60	3234.73	32.4	0.0	83.8	5.0
3	40	6	nerve individuals burials	elections depression innate omar khz graves investigator information argus charges ao enlisted hay admission motion doncaster filled regimental hundreds rome burial with humor	116	33.26	4505.29	54.4	1.2	94.4	5.6
3	40	7	trafficking riaa alexa	argus neutrality gunshot laughter auxiliary eastman conducting add contraction infinity storage drainage outward areas airmen clearer combat bubbles ee genre corrosion noir coats	75	93.84	3594.25	9.4	0.2	77.8	7.2
3	40	8	bc quarterfinals chamberlain	net pleaded indoor electrode injury chamberlain coaches pillar interception athletes arena eli defense pyramid conference topic opaque corey spawning aqua	59	30.04	3840.07	33.2	0.0	94.8	3.4
3	40	9	ink instructors purcell	fire evenly smoked instrumental booster optic ebook ample adrenaline proven optic hose structure ether banned coordination assessment rugged indicated restraint groove giving	80	59.94	3246.54	39.4	0.2	85.0	3.8
3	40	10	oils rogers featured	arrest conducting integrity integrity rogers investigation investigation oils woven inter educator herb knowing healing wand ama medicine digest clicked petroleum	78	30.61	3810.11	28.0	0.0	96.4	1.8
3	40	11	donation spins symbols	golf round spins diamonds symbols symbols reel entrance gems blinds	38	44.33	2104.79	38.0	0.0	90.4	5.2
3	40	12	shale animation	crore snake aqua crore animation dotted bets focal	36	149.66	1962.93	14.4	0.0	66.6	6.6
3	40	13	francs	prevailed millimetres crore curse fiddle faded reel coaster starters shale dollar rao ladies hilt	56	431.94	2392.81	2.0	0.0	32.4	3.8
3	40	14	representation riaa allan	ended gold historia claremont faso containing backstage incarcerated royalties gabrielle eagles allan allegations historia songwriting shipment advancement straightened woman	72	32.18	3489.37	50.8	0.0	92.2	2.4
3	40	15	storyline ring colleen	offshore sand tombstone irregularities cary nwa legs outlaws oro dollars clicks tombstone stat medalist scanner believed blows in	86	222.91	3698.79	8.0	0.0	43.8	3.2
3	40	16	intro lyrics	wwii beating veins orbit gotta	28	419.15	3004.25	0.0	0.0	15.6	0.8
3	40	17	bc kansas selections	rayon bc interpret defense aqua chamberlain olympic olympic smoking coach ira approx after intercollegiate cocktail bottle fcc seated marked	72	37.21	3941.48	38.8	0.2	93.2	5.0
3	40	18	processes absorption riaa	instances sensory oscar premiere listener substance cocaine recommend corn advise riaa volta sat advancement oblivion compose	57	83.84	3393.54	18.4	0.0	76.4	1.0
3	40	19	missouri olympian lds	presentation quotes lds olympian diamond vowel newell excellence ribbon paced bulldogs tasted leaving	43	124.34	3382.64	7.4	0.0	72.4	0.6
3	40	20	attorneys bollywood	hu gangster filmmaking assured wheeler airmen doubt quicker body sai sai einstein including mathews einstein	51	267.08	3205.68	4.4	0.0	40.4	2.2
3	40	21	robes asphalt healing	fathers cubic additional sand concentration salman mine assist progression nba parapet mafia wave empowerment veins suppress augustine lost portray offer	66	106.87	3931.73	19.2	0.2	78.0	2.2
3	40	22	ep slavery bassist	bombings younger admission minerva scrolls burial patton avenge albums parting ash stated ax astoria tickets downfall deter collaborator throughout slavery sustained knowing	90	6.58	3965.48	86.6	0.2	99.8	3.6
3	40	23	corrosion flip sponsorship	ski ref reel format forgotten flip seconds mca dollar automation hydra submarine struck seaman mold senate sanctions condo	60	39.15	3756.89	48.6	0.0	90.2	2.8
3	40	24	dollar boardwalk myrtle	steps finish posts progression seekers boardwalk rails myrtle experience aren accessibility antiquities scenes medallist dismounted documenting nerve chamber calmed consist historic tin	70	15.30	4379.15	70.0	0.0	98.0	3.2
3	50	0	closure vocalist burial	guitarist rumored lyrical stress parting terminals venom dunes darkest elle sand doping cabinet patton responsible yell minas wit gerais gable	78	103.81	3247.51	17.4	0.0	80.0	2.2
3	50	1	deposition redemption peptide	horse surface transaction signatures trail progression promotions hurdle outlet listing listing empowerment evacuation designated inactivated relax braun tokugawa gems bonding holster baskets hypnotic presence	90	29.03	3851.74	53.4	0.2	94.4	3.6
3	50	2	doping governorate olympian	airline checkpoint nerve triangle triangle elimination confiscated oral athletes amino olympic alpha ionic solid augustine located algebra damaged surface atp authorization turnbull antibody economic nazis labeling mobilized	93	19.49	3705.42	38.0	0.2	97.6	4.4
3	50	3	company patio mural	hd sand enclosed pennant graves demetrius clarity emergence beads cad expense phased hydra triangle conserved sac bike pride	65	113.13	3531.48	16.0	0.0	73.4	2.4
3	50	4	neural highlighted cells	file thousands interactive input highlighted ioc neural receptors averaged optical discovery hearst threats diamonds afi silence mice turing	66	132.69	2806.15	13.6	0.0	70.6	1.6
3	50	5	libre precise casino	prosecutors withdrawal probation antibiotics arrest dedication relax workout invested stabilized kinase grenade race armed vaulted deaths	60	26.97	3124.49	43.6	0.4	94.0	6.6
3	50	6	apostles oxide	oath snakes influx operatic arcs waves adrenaline doping exposure alcoholism funnel riding samples	40	76.66	1787.09	19.6	0.8	82.6	12.2
3	50	7	olympics toxin online	boat areas optic colors abyss phones reservations phone gambling casino nokia phone proven triangle sediment amino rosen their insulin layout administratively loading	90	135.21	3387.79	9.6	0.0	72.2	4.4
3	50	8	indicted ebony wwe	mum charges arabian afterlife planes ligament exposure nothin shark elevation clicks dynamic ski outer seismic armour weaving prey dental hereditary	56	97.20	3373.01	8.2	0.2	75.0	2.4
3	50	9	takeover affiliate lyrical	investigation rhyme transaction abyss drop drop clarity asphalt ounce confirm purchase bonuses skyscraper portray dedication whiskey tips inexpensive trafficking	61	130.04	3685.27	12.2	0.2	73.6	3.0
3	50	10	lawyers kinase pharmaceuticals	viral because kinase levels adrenaline lining mouse viruses majesty blonde growth boo moisture loading posture	48	33.37	2286.26	46.8	0.4	94.6	5.8
3	50	11	cell rocky activation	radicals intro rocky metals conduct toxin stat limp encoded manhattan onset alteration	51	131.63	3370.65	15.6	0.0	73.2	1.8
3	50	12	lewis venom nm	podcast area ref fort sand sand bluff royals clarity clearly mist liquids deaths barrels venom senses stomach lies	61	99.36	2607.41	12.4	0.0	74.6	1.8
3	50	13	patton parted drummer	false zeppelin headline lawson headline gunshot healthcare coroner exodus volta parted myles darkest profit pseudonym board paranoid listening layne fall	75	25.28	3160.35	50.4	0.0	97.0	3.2
3	50	14	molecule activation boardwalk	api stimulated powerful surfing boardwalk boardwalk everything parapet chemicals promotes nm oxygen lace ortega cartridge cues structure banner	63	25.42	2741.65	58.8	0.2	95.2	3.0
3	50	15	hm exposure waves	protesters regulated ax horse chances apostles exposure publishers exposure falls orchestra aperture cycle alternating button	52	131.27	3197.83	20.2	0.0	74.4	1.4
3	50	16	refreshing academie olympian	premiered prophecy athletes ceremonies olympian induction lux reflective median conditioning entertainer commencing hellenic transitioned humanity norma norwood buried devon classification mineral runes alba	106	109.38	4547.27	13.0	0.0	78.4	2.6
3	50	17	oils themed gulf	theatres gulf signifies petroleum diamonds colour thrill reverse barrels havilland wand darryl oils chemicals	55	31.30	2428.30	36.2	0.0	95.4	2.4
3	50	18	ms boardwalk casino	arrest relax migration chamber introduction boardwalk clockwise continued freedom decent elimination contraction gambling leopold dorothy koppen compliment movies irs happier cages	99	20.84	3419.72	60.0	0.2	95.2	3.6
3	50	19	water spins operators	bingo tick reel gust clicking instantly spins colors layers fire finger	45	63.28	2789.53	32.4	0.0	85.6	4.8
3	50	20	adobe crore adrenaline	insight exiting pipe ether graphs quantum keystone visual cinematic partnerships connectivity clearly quantum hurdle fade opera code action scare tertiary	79	34.65	2956.68	29.8	0.0	93.2	2.0
3	50	21	libre adultery ocean	storylines spine asphalt exposure wrestlers waived lds adults virgil robes stockton upward wwe anatomy closure america mollusk citizen oasis determination portrays numbering apologized	119	161.75	3824.12	8.0	0.0	69.0	2.2
3	50	22	adventure grit activated	outgoing activation reward forte reward venom forte gems thousands grain oath slump grit backbone rivers	56	91.61	3292.26	34.4	0.0	78.2	1.2
3	50	23	grammatical burial ebony	colonel secondary grooves atlas heal artisans jesse scrolls vents burial stat closure emotion markings hellenic validity exodus absorbing etat universe unemployment dating tolkien filmmakers conscription	90	146.04	4256.40	6.0	0.2	64.0	4.8
3	50	24	dreams gem doping	scenes locker gems bonuses loyalty telenovela deposit gambling optic olympia royalty gamble connect confidential atmosphere vertex advise safety vote amino contamination owned tub rows transparency	116	56.93	3086.73	32.6	0.2	88.6	5.0
4	20	0	presidents hindwings decks equestrian	dive chord thereof professions veins decks optics violins pipes piano bass handled breakdown deck bridge oslo leg owner mater	77	11.02	4270.92	59.4	0.2	100.0	2.4
4	20	1	ban meaning excellence cubic	cubic ton ivory ivory lac obsidian transparency excellence expertise healing white concussion endurance noun	57	66.40	3335.66	32.2	0.2	84.6	4.2
4	20	2	thereof attorneys encompasses behold	lim tracks civilization encounter periodicals rebounds turf terrestrial creatures thereof cale turf lawyers reproduced scars neill incorporate gathered depth	99	28.69	3863.11	62.2	0.2	94.6	2.6
4	20	3	cornice click wits crore	qu wits wits feet saves feet prevailing colonial resolved amidst stampede fielding	47	19.26	2938.06	35.4	0.2	98.8	3.6
4	20	4	fuck liberia composition	campaign circulation jenny realism composition colors breast kilograms	36	96.53	2559.95	3.6	0.0	69.0	1.6
4	20	5	wheeler activation coaster boardwalk	trolley flu ventured interceptor swords rails fireworks renewal asha narrower	40	27.57	3460.88	35.4	0.0	95.0	1.8
4	20	6	wherein lastly quezon	differential salle lastly radiating jersey penetrate commence poe squirrel highness anatomy settle vents bei commencement em lodged revealed similarities ain	92	5.63	4469.37	90.2	0.0	99.6	2.0
4	20	7	aroma healing nbl bark	dance bark relax healing israel positive patriot wreath coat greet boxing knowledge accents thumb	60	9.54	3217.92	72.6	0.0	99.0	3.0
4	20	8	golf eligible rendered limousine	previously nissan please dutton engravings application govt facebook archived obituary vehicle apply dollars passports approximately obtained avenues majesty eggs beaux	98	13.63	4014.98	80.0	0.8	98.0	3.4
4	20	9	natural sand hers muse	marine exact sand facts indoors everyday minas beads walnut sand cora limestone	50	50.06	3618.77	30.6	0.0	89.6	1.2
4	20	10	popularity wellness traffic coastline	salmon retention riches wellness mounts credibility comprehension audience textual wellness genre coastline commencing whorls motor shall	81	9.81	3640.22	77.8	0.0	98.8	3.8
4	20	11	aqua macedonia	moth spoken aqua removed alexandria greater soap rivers suspension vents die add	40	76.09	3673.18	25.8	0.0	81.2	1.4
4	20	12	tours fulfillment midst counsel	decks forth healed woven calming endurance premiere equestrian academies aristotle healing forth maturity composed hospitality stores retirement sensory	70	41.81	4948.22	46.0	0.0	90.8	2.2
4	20	13	collaborate mines rebranded educate	solving coding woven hear mines learn healthcare heal heal die chat te quarters	48	10.86	3421.67	82.0	0.0	98.8	1.6
4	20	14	governorate habsburg evacuation nero	trials levant nero aqua expeditionary investigation evacuation obsidian genealogical ascension endurance vida blooded valor columbian endurance legislation blood	85	18.68	3514.57	24.0	0.4	99.0	7.2
4	20	15	carthage millimetres fins casablanca	down federation millimetres ocean grain vertex waterfront moroccan geometridae	47	17.18	3662.09	48.2	0.0	98.6	1.0
4	20	16	insurance your court factors	cycle anybody forgot pipes deeper amount cavalier medication wet collision auto nor conde dario civilizations sins partial plaintiffs	102	2.23	4565.55	99.8	5.6	99.8	15.0
4	20	17	filter reel symbols savannah	apartheid valor valor casino adrenaline nash savannah option obsidian savannah guild symphonic obsidian dollar firing	62	157.34	4936.84	5.2	0.0	58.0	0.4
4	20	18	then jets scrolls	zoom jets closure harlem tick proven dial dissolve dial pleas	38	79.99	3315.43	27.6	0.0	81.6	2.0
4	20	19	wherein punta continuum	pleaded without maritime defence punta cai continuum jocelyn spelled bowled	47	66.55	4472.60	21.4	0.0	82.2	1.6
4	20	20	treatise levels injury haryana	ebook how definitions contracting rajasthan commenced honourable vis elevated patronage restrain prevailing convey vis restraint unable expressions pius	82	4.56	4184.45	93.4	0.6	100.0	4.4
4	20	21	pembroke boardwalk	cu aground beach sand pembroke sands cream language sneakers ada	39	32.39	3801.76	46.6	0.0	92.6	2.0
4	20	22	sporting ghana studios sheath	podium hurst beit studio sofie equestrian equestrian bradley beit elle personal testified pointe onwards beit academie through gardner styles	83	11.15	4604.70	78.4	0.2	99.0	2.4
4	20	23	mysteries astoria clarity	ibm martinique sworn consul abbreviation mysteries ashe scotch funny electricity launching	42	98.06	3691.89	8.6	0.0	76.4	1.0
4	20	24	amongst upon lastly llc	entertainer lore summons rift utilized systems forth lex abilities motorcycle coil prior demeanor additionally forth firearm prior commenced sale ocean	118	5.28	5102.96	90.2	0.0	100.0	4.2
4	30	0	infrared kemp	jim favorite smoke diamonds unbelievable socks discovery venom tombstone railroads natural	43	416.91	2265.88	2.6	0.2	40.8	8.4
4	30	1	coroner arena exodus tobacco	storyline checkpoint withdrawal replace bonuses deposits ammunition casino multiplayer xbox casinos bullets thru healthcare gamble mario voodoo slot shooter amnesia	73	25.43	3442.38	29.4	0.2	97.0	4.8
4	30	2	gaming trail lodge	gaa las gambling trail trail clicks trail instincts corona rounds crescent lake swords sacrament shielding battle walked immunity beers take	78	45.82	4475.16	35.8	0.2	91.2	3.6
4	30	3	antiquities walkover rca thoroughbred	ict introduced vase acc reason tie horse overview horace colt woven aired clay goat chevy palestinians cary money lands horse stir	73	24.27	4628.30	38.0	0.0	96.6	1.2
4	30	4	drill discovery oils learners	andreas followed barrels instincts nl potter ashe encourage inspired tips detectors workplace lego greta whorls weighted positive genealogy	65	18.87	4312.96	58.0	0.0	97.4	2.2
4	30	5	congratulations shooters doyle	ca letter cabin optic smoked lining gaa horses spark nerves benz purchases chill anatomical hung concluded week conditioned evergreen	58	52.61	4408.74	60.0	0.0	91.4	3.6
4	30	6	theatrical crore inaugurated distributor	linear idle earnings distributor woven occurrence overtime guard remade footprint rr grooves prevailing sphinx spared filming distributors forgot slash	83	4.73	3834.54	92.2	0.2	100.0	3.8
4	30	7	oils thru blessing healing	gazette thru halo etched whistle etched uncommon clarity healing darius ashe ghana casino veins felt gambling newsletter confederate bearing	65	10.99	4384.17	80.2	0.0	98.4	2.8
4	30	8	carthage horses rug	pas sand etched vent markings horses wheel elephants sportsman trail provincial countries amendment marne lyrical casinos rug shamrock motel rang carthage	69	6.92	4912.92	84.8	0.8	99.6	6.2
4	30	9	coaching oils engraved elemental	tours christie diploma rpg emilia danielle resign minas bella appointed knowing stylistic deadly dramatic conception masonic fae eternal abdominal sterling outward mu	87	4.54	4307.94	91.6	0.0	99.8	4.0
4	30	10	theatres salman crore	tyres prevailing sand certificate elephants secondly metallic havilland posse nerves salman creates cylinders re bollywood vet condo	51	13.06	3194.07	62.2	0.2	98.8	2.2
4	30	11	gram	ko transition grams jumps izzy cubic quality relax	31	529.37	2539.96	1.4	0.0	29.6	3.0
4	30	12	brendan retention myrtle prohibition	cyclone rails fort reel rink express evident hides agreement prohibition nerve pictures rhine employers morocco potter wave jewish clue to eel retaining	80	20.89	3731.52	56.0	0.0	96.8	5.4
4	30	13	viewer am operated boardwalk	comics stations along mandatory selections steamer viewing abstracts amenities devotion highness beaches boardwalk aren celtic upgrading volleyball reversal sucks invite cadets	102	20.91	4786.68	53.0	0.0	97.0	0.4
4	30	14	horses oak storyline rv	storms fir contained publications progression b smoke honestly sand msc fire horses federal lbs rv rv veterans libre slaughter sciences stops while	86	26.07	4815.37	31.4	0.2	96.4	4.4
4	30	15	adrenaline cannons	men jumps pyramid cannons	27	84.41	1660.68	23.8	0.6	81.2	8.2
4	30	16	vis ac liability haryana	chemicals runs liga pts streak trust boating copies magic dowry contract autobiography goalkeeper rake doyle wax handled valor dunes jets incapable fraud	113	7.19	5379.66	82.8	0.0	100.0	1.4
4	30	17	ks transition signal harlem	censorship language arrest harlem sand conditioned stereo coke doping doping scientology abc adult cocaine bs grain loop bonuses vet rough operations	77	45.15	4447.69	36.0	0.4	90.0	3.8
4	30	18	prevailed penned etched crore	risk gems concurrently maturity provider credentials prevailed wins berth etched cylinders wherein anytime woven onboard unit chip tale prior plea sheet workers je salvage	94	4.82	4561.36	92.6	0.0	99.6	2.2
4	30	19	irs rug sacrament trails	offshore boxed mountains turf horses rug dvd provinces obsidian hm adventures nations gallant aft warlord archbishop grain autobiography dragon resistance nam weeds coordination ridge	158	5.90	4522.71	90.4	1.2	99.6	6.2
4	30	20	learnt signifies boardwalk wherein	passion stretch pose art till carved hence cylinders etched wherein till sal commenced till roam lights xavier nerve stocked blessed wouldn acres alive lax	100	5.35	4043.73	89.2	0.0	99.4	1.8
4	30	21	logistics elephant donation optic	boat sand usb averaged cups textbooks turf elephants charges bows conduct lighter arboretum tobacco predecessors liberia canal amendment inspection cannons	108	5.34	6011.83	91.8	0.4	99.6	2.4
4	30	22	examinations ioc vinyl adele	beverages upon altering monarch woven adele wrought annually lastly wrought monarchy commenced melodic transit assurance volta francs melodic summers amongst hydraulic habsburg various	96	9.81	5043.25	76.2	0.2	99.4	1.8
4	30	23	clockwise healing vibration elizabeth	trump unesco enlightenment instruction outdoors enlightenment initiation swords csa healed personal honorable lands woven mixed elizabeth inner retention thru premiere cleansing circulation bravery	132	4.26	4905.21	95.0	0.6	99.6	4.8
4	30	24	storyline sands hearth aj	asia sands sand adults strand honorable illegal carpet honorable hearth valor sand colts jacqueline arabian specialty sand sand reunion orphan nouns aj remain	93	5.70	5070.00	89.6	0.4	99.4	3.0
4	40	0	doping emergence sponsor patio	segments vacated boardwalk limestone sunglasses optic clarity format backstage patio pharmacy banned shooting sand nec hiv grassland censorship options thirds casino rapid	82	12.63	3872.13	72.6	0.2	98.8	4.0
4	40	1	educational oak utilizes celtic	mod dragon barrels paced coronation offer gills ton columbian relax hm migration ease healing ease celtic privatization mater thanksgiving ratings doe shown coma	119	8.93	4299.78	80.0	0.2	99.2	7.6
4	40	2	downfall surfing chemicals	cadence presidents waves sand upside soft	32	85.32	1838.46	14.4	0.2	80.4	5.6
4	40	3	dragon sbs patio	abe ion influx perimeter ordination evacuation whiskey hm overall veins horses with indoor dragon absorbing momma substances nerve dirt acidic angle tub	91	18.74	4089.13	67.6	0.2	96.0	4.6
4	40	4	claudius defamation	discovery investigation defamation gp predominantly hides protect investigation	35	419.96	3059.74	0.2	0.0	24.6	2.0
4	40	5	organize additionally aft waves	equals headlined thinkers sensory synod cinematic behavioral collective herb surf wraps consists darkest sails stylistic plank accordance criticized cruise allowance sails letter andre strongest	85	13.15	4776.99	75.0	0.6	99.4	4.6
4	40	6	equestrian liberia sbs sacrament	marines sand apologized scandal horse liberia academie evacuation fire colonization colonization trail franklin wilde sponsor arroyo premiere assessment handel pere funeral ancestral abbreviated paint circulation relief thereof	159	2.65	5226.20	97.8	0.2	100.0	5.8
4	40	7	adrenaline additionally ordeal ioc	virgil courtroom bail arrest induction arabian elemental ebook ioc ordination employees horses attorneys absorption beads icao created heroic alternate	72	10.73	4513.63	72.0	0.0	99.4	1.0
4	40	8	steppe continued boardwalk coaster	inclusive added clockwise boardwalk resort adventures resorts beating elephants bags soldiers formations needles pods corn spiral sunk asphalt	87	9.88	2874.40	78.0	0.0	99.6	3.8
4	40	9	optic apologized disney folder	pet ballistic ease cancellation disney oswald soldiers adrenaline colors elephants optical firing fiber hugging behind trams neural arabic bust	66	27.93	2876.55	55.4	0.2	93.2	4.2
4	40	10	storyline riaa governorate bethany	stagecoach dramatic burial description description elevation bethany trams equestrian occupational horses trail emotion firefighters peaceful mineral ammunition organized clouds elements organization calming electromagnetic feeding	106	14.60	3199.88	59.6	0.2	98.6	6.0
4	40	11	judaism drums adler eagles	rehearsal burial intimate musically detached handled expense horses adler intimate flux burying eagles released intro violin serge dissolved zeppelin presidency lodges rabbi scrape on profile	128	2.43	3534.33	99.0	0.4	100.0	7.8
4	40	12	vita havilland potassium	cave airmen paced havilland clouds nerve airports havilland	36	156.09	2563.69	3.6	0.0	63.0	5.0
4	40	13	gallant warriors luzon bois	fisherman packed romance fate story eternity medicines genealogy earlier mindanao seeded elephant yan metallic percy gospels lastly letter box month damn thou cbn fu earned	103	5.68	3727.47	88.6	0.6	99.6	6.2
4	40	14	nerve respectively olympic myrtle	miner baths gel orgasm sand trail training pound optic surf equestrian adrenaline pulp dime elimination awe buddies control horses filming easier	82	49.16	3662.62	36.8	0.0	89.8	3.8
4	40	15	clouds recruiting endorsement waterways	generations impacts vessels privacy waterways securely outdoors athlete grandparents advise ashe cards attorneys darkest streaming cloud premiered interruption pro disconnected burial legally deposition blacksmith tu tap	152	4.93	4592.04	90.8	0.6	100.0	4.4
4	40	16	progression lyrics reward tombstone	romanian smoke tombstone drop ga plot oak dynamics freedoms	42	36.58	2474.53	14.2	0.0	94.0	4.0
4	40	17	argus oz chocolate activation	liquor chocolate triangle ban colors coloring elephants token freestyle judges melted orange smoke anti	45	43.47	2499.76	33.4	0.0	90.4	3.8
4	40	18	steamboat healing	coma lowest tombstone exposure orient pyramid sand adrenaline bullet veins	39	314.40	2158.73	4.6	0.0	51.4	7.8
4	40	19	petroleum healing oclc burial	arrests empowerment alongside healing sunset generations learners emergence email vessels rewarded muse classroom attorneys investigators manufacture independently defense ensemble barrels aircraft electrified	124	30.69	3618.83	31.6	0.4	95.4	3.2
4	40	20	enrichment learners olympian eagles	immigrated sending olympian eddy ebook storyline organizations educators learners eagles educator internment classroom introduction multicultural dario mold wwii serie outdoors contained performing employee hess adventures	131	4.15	4960.48	92.0	0.2	100.0	3.6
4	40	21	water courtship boardwalk	hiding rails neon closure transitions oxygen horses healing sand protect clarity smoked grass libre banned older ole hydraulic closure allowing support	71	35.18	2868.52	34.0	0.2	94.4	4.4
4	40	22	waves einstein dunes	newspaper sand pi einstein erase gust selected	34	80.96	2430.84	9.0	0.0	78.6	3.8
4	40	23	fight tournament boardwalk steamboat	medicines wrestling jacket thrill backstage sodium nerve amulet adrenaline checkpoint gambling experience ordeal aw grandfather purchasing sand relax jug formal deserves symmetry combat	93	18.18	3669.33	46.2	0.0	98.6	7.0
4	40	24	code symmetry casino recruitment	regulatory symmetry proven fortune crazy activation casinos cycle coordination battlefield coordinated staircase confidence	43	27.90	2518.25	31.4	0.2	96.2	4.8
4	50	0	horse tablets underlying betting	funeral undisclosed corona bracelet compared oswald betting emery betting podium pots crowns wrapping jars lined naming	65	14.46	3004.26	63.2	0.0	98.6	3.8
4	50	1	stating graves selections biographical	indian tennessee temperance interpret sanitary unknown view afterward adolph lil eliminated hay biographical gov horse sic poker headlined casket karel mormon outdoors	115	27.69	3784.84	58.2	0.4	95.2	6.8
4	50	2	verb learners indoor boardwalk	ik lines adults sand havilland rica elephants acc indoor grave induction induction stephenson rail instead indications scooped asphalt cocoa	62	26.84	2729.86	24.2	0.0	97.0	3.0
4	50	3	iii flashback crore etched	characterization whereas crore thrilling certified millimetres racetrack chennai jack reared rake romney shale lad funny grit batted crore acquitted boom was nara gables billion	142	4.21	2924.42	93.0	1.2	99.8	6.0
4	50	4	symphony xbox raleigh lighthouse	funeral intense metric premiere activity closure authenticity raleigh sic emotion dunkirk sic ashe ignited lighthouse firefighters ph ink transparent ups vis lost	101	25.18	2925.99	23.0	0.0	97.2	3.4
4	50	5	detective wand learners gust	attorneys arrest optic echo reward adrenaline crore banning connections visual elephant validation nerves confirm mustered theater migration donation barking kinase concentration neural receptors receptors rap	90	55.38	3210.55	25.2	0.2	85.0	5.0
4	50	6	fire dating ivy activation	highlighting rebound drops bark chemicals rebounds exposed thousands havilland infrared railing sync visuals halo	49	97.95	2542.04	3.0	0.2	74.6	6.6
4	50	7	deposition sequel cebu ioc	legs gonzaga hercules explosive corona boss sporting boss cpi provinces rid click myrtle molecular colin soluble detector ionic	74	36.64	3992.04	22.0	0.0	93.2	1.6
4	50	8	ounce barrels reportedly crore	crore falls stitches kannada koch cubic films jets chow helicopter acquitted devoid	41	6.23	2230.62	90.8	0.2	99.8	8.6
4	50	9	ex nothin kinase atp	protein lighting mvp hop cadence checkpoint transcription adrenaline closure oxygen neurons haze nepal receptors nerves culminating stack rack	65	28.60	2710.17	39.0	0.2	95.0	4.4
4	50	10	peoples discovery rebranded sediment	clouds avenues pipeline adventure healthcare healthcare discovery luce lion integrity integrity jc attorney pipe empowerment case investigative tel integrity fired geological buren abbreviated apartheid pods then appetite forefront	118	7.09	4198.05	89.4	0.2	98.6	3.0
4	50	11	peptide epstein	artillery jumps approximately underlying epstein references murals	32	39.12	2013.01	44.6	0.0	89.8	4.0
4	50	12	grammar lyric underworld tombstone	language free tombstone tombstone sand waves cubic relaxing scenery fines alcohol	50	52.44	2379.58	9.0	0.6	91.4	6.2
4	50	13	exposure companies tombstone	exposure progression explosive ether ether secrets adrenaline	31	91.12	2391.51	8.6	0.4	78.0	6.6
4	50	14	veteran verve grains cricket	thrilling milestone reel connecting crore vent recall connectivity sand comedians visual viewers roadside ventured ticket cyclone ounce orbiting migratory autobiographical bop	88	37.72	2692.46	36.2	0.4	91.6	3.6
4	50	15	genre checkpoint reel spins	basically slot tatum parapet spins sand rotate tombstone hero heroes sleeves dash buildings barrels	45	19.89	2735.88	66.8	0.0	96.0	2.0
4	50	16	eastman crore millimetres selena	jim kochi tyres yen mg malayalam disk hearted rebound potter rail gauge crore indian hearted gloves calming lit	53	9.47	2565.90	78.8	0.4	99.2	5.2
4	50	17	ski depth freestyle exited	propellers feet releasing dashboard sunk horses sunk freestyle reel quit sand click clicks coaster mapped colored accredited mantra	70	140.52	3877.39	17.8	0.0	72.6	2.4
4	50	18	wages tingling commenced wellness	lasers approximately wellness intellect intellect approximately whitley leasing schooling throughout juris biblical outdoors marijuana callahan triggers evidence evaluated fda although credit	99	12.55	5240.67	75.2	0.0	98.2	0.0
4	50	19	educational patrons donation wonderland	protesters karma wonderland proven repetitive flip southport learners tingling closure nm execute randomly adrenaline compositions throughout sand allowed beauty pathways donors therapeutic page safety unite	90	24.26	3923.13	50.6	0.2	95.2	4.2
4	50	20	letter sands boardwalk commenced	rama sand removed colors ira orientation employers sunk stops boardwalk oils progresses fuels sands sand alzheimer rail towel protect barrels slabs hundreds surfing alcohol	161	9.08	4320.01	79.8	0.0	99.4	2.0
4	50	21	waterfall activities reel	add aqua miracles reel martial attribute wheel cascade canned	41	78.73	2921.23	10.6	0.0	82.6	1.4
4	50	22	boardwalk substitution matteo adrenaline	uv added ashore evenly clouds boardwalk assist popularized assist investors doping adrenaline collegiate raft natural receptors rebound analytical interpreted sites authors precursor earning raft	108	8.52	4398.02	83.8	0.0	99.4	3.4
4	50	23	tonic approval enhancement	hydra herbal extraction throughout proven mutual aroma nwa ether introductions herbal risk hundreds slot induction bark abundant stigma	52	52.39	2982.82	49.6	0.2	91.4	4.2
4	50	24	attorney symbol adrenaline activation	convention bet spices reel landing ionic cue baths adrenaline bonding absorbing alzheimer animal activities concentration saving action bears	71	28.78	2919.27	51.4	0.0	94.2	6.2
5	20	0	kung myrtle forewings	bells beans calming lining tombstone hindwings bray	34	70.33	2922.22	27.2	0.0	82.8	2.0
5	20	1	barrister drivers cancellation injuries tinted	crews drivers photos handle accident noctuidae fleming religions bonus discovery options dollars testified nick overnight sharon reconciled vehicles investigators	93	1.09	4871.87	99.8	3.6	100.0	13.2
5	20	2	gandhi till taxation insurance illustrious	ultra vijay chartered shri surveyed patronage voivodeship shri templar railways securities crore templar till anand norton engineer singh van	118	2.67	4436.74	99.2	0.4	100.0	2.0
5	20	3	medalist secretariat olympian crore owing	sports olympics troy thoroughbred settled olympian rendered traction troy merry though ac naturalized confusion jaipur wherein saga	87	6.09	4192.94	88.0	0.4	99.6	3.8
5	20	4	tsunami halo	trial casino waves shoulder activities casino halo waves reel waves sac honey broom tsunami onward etc	52	98.38	3920.14	10.4	0.0	75.4	1.0
5	20	5	activate dunkirk boardwalk	hess boardwalk accent date tt rhine	35	42.83	2901.40	31.8	0.0	89.8	0.8
5	20	6	intuitive realms inca partnerships vinci	intuitive honey discontinued conjunction consumer wand inca symbolism clarity educator psychedelic quantum timeless align coe	61	51.62	4141.58	16.4	0.0	87.8	0.4
5	20	7	prohibition prohibition italia wheelbase oceans	steam suspense conductors taxation nellie starr employers employers springsteen sexuality dempsey fires persecution boomed packers evenly ships kapoor evenly dynamite	85	6.87	3673.22	80.6	0.6	100.0	5.6
5	20	8	scotia aqua	nazis rid scotia ec hearted adults bubbles wave havilland adriatic rib graphs	41	53.98	3588.51	33.0	0.0	87.2	1.8
5	20	9	instance teachings populace avalon residing	nautical colleges upon fashioned dimensional wherein utilized antiques constabulary sofie dimension occurrences sofie dimension hearth exchequer utilized versa zodiac astro	120	1.82	4146.08	98.6	0.0	100.0	3.0
5	20	10	friendship tombstone ronnie manuscripts stat	asa envelope letters outward grades grades letters progressed analyze friendship proper anatomical ronnie climax unchanged	53	14.09	3736.41	56.8	0.4	99.6	2.4
5	20	11	plurality mollusk disqualification oceania	divided burial grains verbs continents sloane burial course settlement carthage genealogy discontinued righteous hearth excavated unnoticed miscellaneous composed	96	6.89	3824.08	84.6	0.2	99.6	5.4
5	20	12	letter initials math massage waves	massage script alphabet training han stat coordination	40	121.28	3179.88	1.2	0.0	59.2	0.8
5	20	13	thru amongst sworn traversed juris	probability upon vinyl graves healing graves uncommon heal healing heal riders kata taxation thru diamonds amongst juris booklet shall	92	2.92	4499.53	95.6	0.0	100.0	4.6
5	20	14	bench leone ago	mill tension guinea msc cary relax settle coffee fight yard	44	263.66	3213.62	7.4	0.0	47.8	2.2
5	20	15	patented healing sectional ebook	wiring copyright fern sectional book crown crown majesty calming spiritual turf continent health sire pods legally vascular aden alcohol	79	5.37	3891.58	89.0	0.0	99.6	4.2
5	20	16	answered uphold penned authored commenced	amongst poe commencement righteous buckle recognized suzuki lawful civilization awoke utilized privy denotes utilized usl signifies grazing buckled	95	6.36	4910.42	88.2	0.0	99.6	1.6
5	20	17	exploration sands swords mitch healing	travelling describe discontinued burial mitch genealogical genealogical swords healing traveller storyline waterway traveler gulf tea	51	19.21	5249.00	66.2	0.0	96.2	0.4
5	20	18	chronicles liberia timeless liberia tyre	interpretation mat love parted successors samuel clarity extant continuity liberia tyre carthage kingdoms colony	56	4.39	4250.00	93.8	0.2	99.6	3.2
5	20	19	lego romano myrtle entertainer	sand romano usc cicero gallo beach dunes serena battleship equestrian monte until	48	76.41	3643.73	23.4	0.0	83.6	0.6
5	20	20	disc absorption consolidated elephants	kidd informant relax bets waves waves sheets ease edged acc absorbing discs	46	100.35	3662.44	23.0	0.0	79.4	3.0
5	20	21	frontier asset tombstone	mu followed tombstone jump arenas sakura asset storyline frontier frontier outbreak sakura frontier samurai blast sentai transcript	67	34.88	4104.41	39.6	0.2	92.0	1.4
5	20	22	syndication kansas discoveries telecast evident	membership television yugoslavia sponsorship kansas vinci knowing mussolini mysteries vinci heightened booming exchequer jets	58	58.18	4403.36	9.8	0.0	86.8	0.2
5	20	23	investigator pottery limestone	detective walk amongst limestone deco sec otherwise periods rica endurance vegetation tel ceramics prepare	43	86.70	4367.94	16.8	0.0	79.8	0.6
5	20	24	arid metacritic limousine hiv	molecular horn faso religions roadway brakes forth sands speedway def springsteen totaled geologic laser verbs opposing amore sonny brake modeled	82	10.83	4142.65	59.2	0.4	99.8	5.2
5	30	0	pottery flores sands grimes lydia	pottery why burton internally bark graves friend bricks charge petroleum lydia francs grimes introduced century mode francs stranded kristin	75	5.22	3113.94	90.0	0.4	99.8	9.0
5	30	1	fun partition eligibility telecast mythological	archaeology punjab cassette interval prevailing except pattern punjab colliery disposed pattern titan punjab colliery discretion cassette maturity patriot reprint collected continents bea originally league serene guidance	138	2.38	4565.78	98.2	0.4	100.0	6.2
5	30	2	pv nautical selections seating aft	fitness sporting circulation mast condo condo smoking relax smoke smoked nautical hearing sinking heart lifeboat forte cigar veterans iv ari burgundy crambidae salad raft	105	5.07	3941.96	95.4	0.8	100.0	5.8
5	30	3	ton along nm hurst grains	ton river unincorporated hurst miles trail jc jc curl show moisture maybe particle gypsy	63	10.95	4018.77	77.0	0.0	99.6	2.0
5	30	4	adrenaline landing waterfalls	bounce ski hiking gained	29	127.22	2005.08	3.2	0.0	68.2	5.4
5	30	5	cylinder casino penned inaugurated boardwalk	lasers exponential chances walkway etched verity pier annum scenic prohibition across sic photographs golf stockings guidance dioxide	68	7.03	3621.92	83.0	0.0	99.8	2.0
5	30	6	dune sanctions paso ioc lucan	institut die lucan orchestra darius woven statements handel learned sanctions duane passports darius travels olympian olympian horse olympian color linen disconnected grease	100	2.69	3850.29	99.2	0.2	100.0	5.6
5	30	7	vijay jubilee fielded prevalent loco	passion sword click procurement yarn orthodoxy sparks girls coins coins wherein habits ventured sanskrit spark culture gandhi tanaka acquitted script plains temple leone	77	4.11	5139.30	94.2	0.2	100.0	3.0
5	30	8	fished obsidian colonization tanzania consulate	flu doping doping irregular ages closure hc attic attic colloquially obsidian grain mollusk chandra ivanov ordinance templar healing schwarz eireann	97	8.83	5619.44	72.6	0.0	100.0	1.8
5	30	9	detective xbox chemicals kerala	potassium dating cells grammar confidence dates gambling amulet wand elephants plotting pictorial volcanic verve neural	61	98.00	2932.03	8.0	0.0	74.8	3.0
5	30	10	graves continued sportsman boardwalk	ibn whereupon sole tobacco suspense merry nationale entertained exited beaux flyer equestrian diagnosis charges oz furthermore nerve coping sea	71	25.08	4043.32	35.8	0.0	94.4	1.8
5	30	11	debuted musically stating juris burial	apartheid metal commuted juris members dust stain anders tombstone graves walsh testament whig abs gel cerebral respectful	77	8.49	3412.97	82.0	0.2	99.4	3.2
5	30	12	voted boardwalk heal stat adler	hk online honored easier honorable indoor employers marines enhancement redemption guild jubilee statistics online upgrades mod wehrmacht tombstone hours adler rubs	86	7.36	4901.22	85.8	0.4	99.2	3.6
5	30	13	athletic denoted selector totals elephants	limited activated optic ballots waves indoor arena steel defense outlet reference oxidation priesthood tie compliment fired grain barrel wine horne	85	4.65	4856.41	92.8	1.4	100.0	5.0
5	30	14	media secondary inaugurated eddy ashore	reserves cleaned arts ends heal grooves inscribed burial equestrian tombstone nostrils ashore appointments smoked talent nerve eddy foundation processes oil stand	108	4.19	4352.39	95.8	0.2	99.8	5.0
5	30	15	wellness academie zagreb olympian redemption	equipment doping honorable dwight doping vinyl olympia whereas adrenaline alexander professional mastered amplifier personal liquidation biographical purge ibn maturity dominion organism	103	3.25	4768.01	95.0	0.2	100.0	4.0
5	30	16	ocean arena acronym healing vinyl	cannabis smoothly apparatus seconds physicians overview evenly accounted healthcare ebook ebook halo employment migration dashboard tapestry allan centuries hem allan herbs thor hc shooter oceans	92	51.28	5287.73	22.8	0.0	88.0	0.6
5	30	17	itself antiquity pottery elephant	cycles fide elephants disc hellenic balkans counties antique horses archaeologist northeast excavations burial antique plate reservations shipped wetlands jewish flared wage vis	95	10.72	4586.32	78.6	0.4	99.6	3.4
5	30	18	promotions oxidation scrolls gems activation	guild freeing dial oven gems cheating freestyle gambling scrolls workplace workplace studios industry ballots elk surroundings freedom	47	34.33	4239.84	37.2	0.0	93.0	2.0
5	30	19	donation swords boardwalk outlet grave	pd suspension reproduction honorable boardwalk prohibition column wolfe click specimens graves grave specimens ladies ladies nellie amidst sal mustache columns inscription panzer crore pei	93	2.39	4867.04	98.8	0.6	100.0	6.6
5	30	20	defence continued kicker cicero learners	rails respectful learners learners dempsey offense anytime transitioned scanner bark felony struggles vibrant supporting italia challenging bark speaks concept berg	84	9.87	5431.89	71.6	0.0	99.0	2.2
5	30	21	drilling soccer burial cents	decommissioned wreath wonderful burial excavation scenes paperback conclusion hardcover disposition disposition outlet disclosed provider xbox constitutes graves vascular cents voter gallery disposed bundles	98	15.12	3605.93	66.0	1.0	98.0	7.4
5	30	22	traces contender tomb hardwood bc	questions tomb contender mma instructors showtime arena asphalt tko proven glory louvre hellenistic supportive haze wipe smoked containing anatomical	73	7.40	3499.30	86.2	0.6	99.4	5.4
5	30	23	entertainer nesting courtship vents prix	shells prix colts prix closure ab rails horses marine letters rails marianne endurance natural waters sand echoes offshore lakes pockets abruptly spade	95	7.85	4547.24	87.8	0.8	98.8	6.6
5	30	24	rhymes ii mc	label nj connected rapper ii boss trainers wes check bosses vibe harta for huey outta	50	24.86	4074.00	57.4	0.2	96.4	2.6
5	40	0	witnesses scouting commenced ceiling learners	fry flame metallic underneath underneath visuals underneath soaking outdoors underneath enveloped cozy lasers liberia wes forestry effortlessly sporting reporting kingdoms peerage reformer company microscope wow incorrectly	140	5.77	4262.26	85.0	0.8	100.0	5.0
5	40	1	stat termination patio boardwalk adventure	adding discovery stitches interception decorative optic boardwalk vulcan stat fiber tonnes shale sand closure reel kings assemblies armor elephants taped tape lime	86	10.68	3721.38	74.6	0.2	99.0	3.6
5	40	2	tables storylines submission iqbal spaghetti	battleship steel polo wrestlers wwe still rhino trail galloway championship wrestling barbed wrestlers tito sailed province tyrone was storyline ton hey table burial solve derived spaghetti	128	4.05	3763.64	93.8	1.6	100.0	8.2
5	40	3	gaming continued casket nwa boardwalk	environment gaming separated hay wire electricity boardwalk level delta outta bye smoked intimidation nwa evacuation tombstone flavor posture	76	7.81	3531.51	76.2	0.0	99.8	2.8
5	40	4	creator amazing donation boardwalk	irs authentic sponsor amount royalty inward sponsors scroll waves waves baskets confidently depth sec boxes hung separately sip oblivion beds scripted ghz	84	22.88	3902.34	54.6	0.2	95.8	3.0
5	40	5	storyline interfered agatha abyss amore	mma interfered sand mma boycott outlet dq stables nwa ronnie integer andreas organizations fielded integer abyss oro bye abandonment colonization pri oro wilderness interrupted glove peoples	150	1.91	4468.53	99.6	1.2	100.0	7.8
5	40	6	format gram augustus bottles	relax exact style cylinders inscribed heritage bottle genre closure etched lyrical scratch ounce scanner arrest iso acid drilled off	50	15.33	2657.19	65.8	0.0	98.8	4.2
5	40	7	china tombstone triangle floyd dempsey	pyramid rest outcome gamble others crazy aj freestyle horse nellie dempsey dances discs apache horse regained introduced backstage characterized gangster traced hay original obtained	109	10.95	4078.99	69.8	0.4	99.2	6.2
5	40	8	organization mommy conserved oman ivy	founders conserved concluded cc lin genre migration waves lighthouse sparse suicide similarities hr superfamily film committee berber ivy acronym proliferation arrays that	81	10.61	3448.52	77.2	0.2	99.2	3.0
5	40	9	libre tombstone burial dempsey causeway	hai burial sand sand ceilings dempsey lac copper gaa horses signs rte gael attic grave libre storyline classification cameroon weaponry render fired lei lengths	110	7.69	4508.90	79.0	0.0	99.6	2.8
5	40	10	marines polo healing obsidian paced	cycle markings reorganization suspension conductors psalm tin obsidian burial mm elevations liberia parting csa wes armored cords pronunciation hydraulic olive microscope iaaf form audit foul reaction arc	115	4.00	5014.94	96.0	0.4	100.0	5.4
5	40	11	province stevens claremont netball	wit squash parting nerve connections equation medication scholarship sand trail symbolism olympian elizabeth indications anna amalgamation schumann indication lass hockey their criticism	111	4.96	4179.73	88.8	0.0	100.0	3.8
5	40	12	columns chambers mma rico stat	bc atlantis wwe chambers storyline letters gambling argus dempsey aj investigator argus dario gram grimes gram cartoonist martial marine greed weighted java mod cell since	119	7.40	3927.74	77.8	0.2	100.0	5.6
5	40	13	cy quo oxidation attorney mrna	steamboat ionic acidic lea active burial vertex epa endorsement bonding drugs afi checkpoint gram structurally everyone vertex arrest handled trafficking certified sundays artistic resistance preservation inclusion	90	11.92	4211.34	65.0	0.2	99.2	3.4
5	40	14	apache oaks popularized argus yarn	picks coffee pizza ashe oak paced smoky flower whatsoever lining versus nrhp	41	33.17	3160.64	26.0	0.0	94.8	2.0
5	40	15	husband healing distributed horses odyssey	freedoms separation woven originated horses burial gust evacuation parting conductors families educators literacy buffalo haiti sponsorship libre humanitarian marker response fare healing charges disc freedom literacy	144	13.07	3821.98	73.4	0.0	97.6	2.8
5	40	16	avail reel elephants ngc	booking reel interceptions sectional elephants assured artisans connectivity flair yarn fcc optic magnetic sand robes millimetres hilt bash aromatic able vanish pod	77	6.14	3315.08	89.0	0.4	99.8	3.8
5	40	17	occurred adventure ride mines collected	fort galaxy choreographed ones galaxy burial activated nope storyline dart arrow frog legion cassidy fir warfare adventures leach ops controls needles households he	92	24.89	2853.66	45.2	0.6	96.0	8.0
5	40	18	rappers transition mixtape sworn	sk laid peaked rappers burials loop uncovered afforded sporting rappers laid genres asphalt sporting expose additionally table	57	15.02	3693.08	62.6	0.0	98.8	1.6
5	40	19	ck burial lastly reformed patton	gandhi lap emi acquitted copies adulthood mercury veins replacing inactive sabbath experienced anders hay hay liar heavier racism versus skull flashbacks gee	111	8.55	4077.86	82.2	0.6	98.8	4.2
5	40	20	attorneys adventure shamrock horseshoe belle	eternity adrenaline wheeler horseshoe electrified horses basha knob dramatic smooth shamrock operator corridor opium retaining adaptation	62	24.20	2891.35	58.2	0.0	95.4	3.6
5	40	21	bands whilst headlined burial lastly	upon reigns yard testament elimination trail melodic reads evacuation horsemen darkest darkest justice genres ep mile exposure against brutality indicating proven crop recruits	95	3.14	4010.85	96.2	0.0	100.0	2.8
5	40	22	sands click graves gambling quezon	sands add flush hitting luck casinos citizenship fairness options twist turns sand sand grave gaming casting burial vents lasting particle reel groundwater cyclic joints marked	95	5.39	3470.00	85.4	0.8	100.0	6.8
5	40	23	video wellness celestial nikola learners	lasers linen suspense earnings precipitation earnings awarding healthcare shady redemption premiere suspense characterization uncovered communist professional rpm expeditionary groin thanking attire lumber contender videos appetite	94	10.21	4745.78	82.8	0.0	98.2	3.2
5	40	24	fort casino elephant brewery commissioned	provincial elephants ivory scholarship sand employers weights casinos busted option casino dialogues financial shield knot casino waived op grenade edict brewery is semantic bear	101	2.85	4108.38	98.8	0.6	100.0	5.2
5	50	0	trail sculpture lastly edmonton elk	trial homer installed edmonton rail honourable oak archaic ea rail horses barbed rails rayon parapet horses roam memory primera anatomy intern honour trio jaw	107	5.44	4322.27	89.6	0.0	100.0	3.8
5	50	1	adrenaline orchestra doping origin	province gr arrest jumping graduated impressions rebound cooler savings coke occupational trails evacuated completely enlightenment authoritarian eva cell suspension pharmacy fallout	74	40.14	3291.74	31.0	0.0	93.8	5.0
5	50	2	adventure millimetres herbal arabia barrels	pictures genie closure saudi sec chemicals securely parapet supports ceremonial bust handles disguise bouquet alternating illusion maintaining bouncing	76	7.34	2814.87	85.0	0.2	99.6	3.0
5	50	3	empowerment linking jimi limestone	stylized stat cycle scares endorsement myrtle wraps clockwise feminine pictorial checkpoint closure flags safeguard petrol	54	85.29	3145.66	36.8	0.0	81.4	2.0
5	50	4	storyline libre havilland online tombstone	jim intense burial trail wagner ounce horses rails protects sand closure outs portray fired sulfate linen packs	68	11.61	2898.03	51.2	0.0	99.8	3.4
5	50	5	choreographed spins themed riders	earlier reel spinning jewels riders keystone coins keystone choreographed branded clockwise amendments shield their rhyme	51	20.98	2897.35	64.6	0.0	96.6	2.2
5	50	6	etched deposition spielberg	seam chow valves etched kannada elephants constable losses etched spielberg respects spielberg ravi bullets ganga elephants bear that	51	91.76	2567.98	16.2	0.6	71.6	5.2
5	50	7	amiga graphical olympia sober	barrister astro oxygen zodiac doping rhythmic formations hospitalized intensive olympia cigarette pictorial besides sentenced remodeled classification	54	78.21	2993.54	22.6	0.0	79.6	3.0
5	50	8	leading ended rapper sponsor	ski kick ounce stupidity ivory toxin bust	36	59.47	2396.94	25.8	0.0	85.6	3.4
5	50	9	passionate substitution activation casino	ax alpha reel adrenaline lifetime proven lace conserved optic promotions luck bonding bonding nevada baths recovery generations emotions eventual ab oxygen	68	6.50	3215.80	88.0	0.2	100.0	2.8
5	50	10	deposition eki mathews sporting crore	fingers mahal etched duck gram reel elephant taluk colts hr dynasty instincts storytelling silva syriac exhibition nadu ivory manage cylinder flanking presiding style safari naturally	99	4.48	3436.50	91.8	0.6	99.8	4.8
5	50	11	och activation rapper clarity	aberdeen exact clarity exposure ax turnover roam cell stay jail crystal beaux punches parade gold safety golf	50	23.82	3226.51	52.0	0.6	96.6	6.2
5	50	12	handled mixtape commodity lastly	manufacturing dropping spoke correctional rappers rappers platinum rappers prosecutors doe rappers exposure mv subconscious owens natural talents control	72	16.57	4114.01	62.4	0.2	98.2	1.0
5	50	13	trail crore espn kannada burial	governance what dem zones what artillery dramatic parapet parapet nerves arsenic kannada maritime structured rana options parting frogs marshal geologic directorial waived	71	9.47	3575.96	60.8	0.2	100.0	3.0
5	50	14	cuba rogers formations veins mines	ass butte bois rock county tombstone lease stockings attorneys recorded nellie commenced ferns marriages advancement roy portray veins associate vein identification earned shipment	124	9.96	3937.31	64.8	0.0	100.0	4.8
5	50	15	ultimatum drums riaa stated lyrical	followed imprint recorded equestrian prophecy graves reissue album darkest insider laundering album debut justify lyrical personally guitarists religious posse accuse gr claudio horn	136	5.69	3430.98	89.8	0.8	99.6	7.6
5	50	16	spins boardwalk safety ik progression	stairs aces gunner harness dances adrenaline infrared boardwalk cable blankets sand minerals exposure electricity oral nickel gracefully upside bears	72	16.70	2870.64	62.4	0.0	97.8	5.0
5	50	17	consisted hardcore touring warped coroner	took snakes hometown bleed informed veins grain rumored stalin reformation layne slit animals flynn whig vans honorable surfaced lax	83	10.81	3032.63	68.0	0.0	99.6	2.6
5	50	18	io oxidation mixtape patio interception	initials heck uci parking thousands optic grapes gambling animal dye ordination sell takeover peerage beans tier pilasters concentration	78	18.88	2850.29	52.0	0.2	98.0	3.8
5	50	19	hotels crore gambling scenario	joseph greed closure activities etched elephants ease potter lion raft underlying bracelet balloon scenario olympic pneumonia turnover gambling seizure signing pose pr	72	12.00	3067.46	51.6	0.0	99.8	4.8
5	50	20	fictional amazing venom training	mined filming drops proven adrenaline transparency ice occupational rana insulin awe	48	152.65	2857.87	4.8	0.0	58.2	4.8
5	50	21	lbs ui sponsor olympian amore	socialism oak murals lifeless internally horse horseshoe amore internally outta print qur olympian fin fire whistle rail honneur soldiers thermal proteins mills running vessels poked armour	135	3.21	4079.15	95.6	0.0	100.0	3.8
5	50	22	goodnight alongside lineage uci nicaragua	work freedoms doping professionals amateurs ioc lil inscription grandparents inactivated predecessors autobiographical thriller iucn neural goodbye opponents ownership while establishing cycling likewise surfing	81	18.26	3529.43	54.0	0.0	97.2	2.2
5	50	23	stating peaked msc luciano mixtape	ck taxis nicky bench stated mafia rappers msc peaked rappers females restroom handled incarcerated assurance amongst riaa crowns jurisdictions signifies grille	98	10.16	3686.22	75.8	0.0	99.0	1.2
5	50	24	mural footsteps exhaustion crore aviator	kannada relieved tin splash splash injection etched raft outing eastman splash proven ease advised cyclone gan posture ballot	76	12.64	3003.46	51.0	0.2	100.0	5.0
